value,unit,metric_type,sector,context,source_page,source_paragraph,confidence,year,extraction_method,validation_issues,company,source_pdf,extraction_date
15.0,number,ai_implementation_count,unknown,AI strategy and experience 15,2,6,0.44799999999999995,2024,pattern_matching,['Missing required context keywords'],,AI strategy.pdf,2025-07-24T17:20:01.209967
17.0,number,ai_implementation_count,unknown,Organization and culture 17,2,7,0.44799999999999995,2024,pattern_matching,['Missing required context keywords'],Organization,AI strategy.pdf,2025-07-24T17:20:01.209971
1956.0,number,ai_implementation_count,unknown,"1 The unprecedented pace of innovation, along with the ac",3,1,0.5599999999999999,2024,pattern_matching,['Missing required context keywords'],,AI strategy.pdf,2025-07-24T17:20:01.209972
1.0,number,ai_implementation_count,unknown,"1 The unprecedented pace of innovation, along with the accessibility of ChatGPT and other generative AI tools, has galvanized virtually every organizat",3,1,0.5599999999999999,2024,pattern_matching,['Missing required context keywords'],,AI strategy.pdf,2025-07-24T17:20:01.209973
3.0,number,ai_implementation_count,unknown,Conclusion Part 3 Part 2 Part 1 Introduction Executive summary 5,4,12,0.5599999999999999,2024,pattern_matching,['Missing required context keywords'],Conclusion Part,AI strategy.pdf,2025-07-24T17:20:01.209974
5.0,number,ai_implementation_count,unknown,Conclusion Part 3 Part 2 Part 1 Introduction Executive summary 5,4,12,0.5599999999999999,2024,pattern_matching,['Missing required context keywords'],Conclusion Part,AI strategy.pdf,2025-07-24T17:20:01.209975
300.0,number,ai_implementation_count,unknown,"Research study from 1,300",5,0,0.44799999999999995,2024,pattern_matching,['Missing required context keywords'],Research,AI strategy.pdf,2025-07-24T17:20:01.209976
1.0,number,ai_implementation_count,information_communication_technology,"udy to better understand these drivers and their impact on AI readiness, including qualitative data from experts and quantitative data from more than 1,300 information technology and business leaders across a range of industries and regions.",5,2,0.6854736842105263,2024,pattern_matching,['Missing required context keywords'],,AI strategy.pdf,2025-07-24T17:20:01.209976
300.0,number,ai_implementation_count,information_communication_technology,"y to better understand these drivers and their impact on AI readiness, including qualitative data from experts and quantitative data from more than 1,300 information technology and business leaders across a range of industries and regions.",5,2,0.6854736842105263,2024,pattern_matching,['Missing required context keywords'],,AI strategy.pdf,2025-07-24T17:20:01.209977
2.0,number,ai_patents_filed,information_communication_technology,2 IPSOS then used the survey data to build a predictive model to help leaders focus on the highest-value actions they can take to realize value with AI,5,2,0.7789473684210526,2024,pattern_matching,[],,AI strategy.pdf,2025-07-24T17:20:01.209978
6.0,number,ai_implementation_count,unknown,Conclusion Part 3 Part 2 Part 1 Introduction Executive summary 6,5,4,0.5599999999999999,2024,pattern_matching,['Missing required context keywords'],Conclusion Part,AI strategy.pdf,2025-07-24T17:20:01.209979
20.0,percentage,rd_investment,unknown,"dvanced AI readiness stage report a focus on use cases such as expanding their product and service portfolio and accelerating innovation, compared to 20% in the earliest stage.",6,4,0.7,2024,pattern_matching,[],,AI strategy.pdf,2025-07-24T17:20:01.209980
20.0,number,ai_implementation_count,unknown,"dvanced AI readiness stage report a focus on use cases such as expanding their product and service portfolio and accelerating innovation, compared to 20% in the earliest stage.",6,4,0.5599999999999999,2024,pattern_matching,['Missing required context keywords'],,AI strategy.pdf,2025-07-24T17:20:01.209980
34.0,percentage,ai_adoption_rate,professional_services,"While 34% initially placed their organizations at the highest two stages of AI readiness, only 28% still did so after answering all questions, suggesting that",6,6,0.6080000000000001,2024,pattern_matching,['Missing required context keywords'],While,AI strategy.pdf,2025-07-24T17:20:01.209981
34.0,count,ai_implementation_count,professional_services,"While 34% initially placed their organizations at the highest two stages of AI readiness, only 28% still did so after answering all questions, suggesting that",6,6,0.6080000000000001,2024,pattern_matching,['Missing required context keywords'],While,AI strategy.pdf,2025-07-24T17:20:01.209982
28.0,percentage,ai_adoption_rate,professional_services,"While 34% initially placed their organizations at the highest two stages of AI readiness, only 28% still did so after answering all questions, suggesting that the survey raised points they may not have initially considered.",6,6,0.6688000000000002,2024,pattern_matching,['Missing required context keywords'],While,AI strategy.pdf,2025-07-24T17:20:01.209983
28.0,count,ai_implementation_count,professional_services,"While 34% initially placed their organizations at the highest two stages of AI readiness, only 28% still did so after answering all questions, suggesting that the survey raised points they may not have initially considered.",6,6,0.6688000000000002,2024,pattern_matching,['Missing required context keywords'],While,AI strategy.pdf,2025-07-24T17:20:01.209983
3.0,number,ai_implementation_count,professional_services,3 The model yielded an even more conservative view: Only 25% fell into the highest two stages of AI readiness nine percentage points lower than their i,6,6,0.6080000000000001,2024,pattern_matching,['Missing required context keywords'],Only,AI strategy.pdf,2025-07-24T17:20:01.209984
25.0,percentage,ai_adoption_rate,professional_services,3 The model yielded an even more conservative view: Only 25% fell into the highest two stages of AI readiness nine percentage points lower than their initial assessment.,6,6,0.6080000000000001,2024,pattern_matching,['Missing required context keywords'],Only,AI strategy.pdf,2025-07-24T17:20:01.209985
25.0,number,ai_implementation_count,professional_services,3 The model yielded an even more conservative view: Only 25% fell into the highest two stages of AI readiness nine percentage points lower than their initial assessment.,6,6,0.6080000000000001,2024,pattern_matching,['Missing required context keywords'],Only,AI strategy.pdf,2025-07-24T17:20:01.209986
7.0,number,ai_implementation_count,unknown,Conclusion Part 3 Part 2 Part 1 Introduction Executive summary 7,6,11,0.5599999999999999,2024,pattern_matching,['Missing required context keywords'],Conclusion Part,AI strategy.pdf,2025-07-24T17:20:01.209987
9.0,number,ai_implementation_count,unknown,Conclusion Part 3 Part 2 Introduction Part 1 Understanding the factors that drive AI readiness 9,8,3,0.5599999999999999,2024,pattern_matching,['Missing required context keywords'],Conclusion Part,AI strategy.pdf,2025-07-24T17:20:01.209988
2.0,count,ai_implementation_count,professional_services,"For example, organizations in the  exploring  stage should begin by making sure that their",9,3,0.6080000000000001,2024,pattern_matching,['Missing required context keywords'],,AI strategy.pdf,2025-07-24T17:20:01.209989
11.0,number,ai_implementation_count,unknown,Conclusion Part 3 Part 2 Introduction Part 1 Driver 1: Business strategy 11,10,1,0.5599999999999999,2024,pattern_matching,['Missing required context keywords'],Conclusion Part,AI strategy.pdf,2025-07-24T17:20:01.209990
3.0,percentage,ai_adoption_rate,professional_services,"Figure 3 shows the percentage of organizations that report that they are seeing value at each stage of AI readiness, from 3% at the earliest  exploring  stage to 96% at the most advanced  realizing  stage.",11,1,0.6688000000000002,2024,pattern_matching,['Missing required context keywords'],Figure,AI strategy.pdf,2025-07-24T17:20:01.209990
3.0,count,ai_implementation_count,professional_services,"Figure 3 shows the percentage of organizations that report that they are seeing value at each stage of AI readiness, from 3% at the earliest  exploring  stage to 96% at the most advanced  realizing  stage.",11,1,0.6688000000000002,2024,pattern_matching,['Missing required context keywords'],Figure,AI strategy.pdf,2025-07-24T17:20:01.209991
96.0,percentage,ai_adoption_rate,professional_services,"ws the percentage of organizations that report that they are seeing value at each stage of AI readiness, from 3% at the earliest  exploring  stage to 96% at the most advanced  realizing  stage.",11,1,0.4864000000000001,2024,pattern_matching,"['Missing required context keywords', 'Outlier compared to other adoption rates']",,AI strategy.pdf,2025-07-24T17:20:01.209992
96.0,count,ai_implementation_count,professional_services,"ws the percentage of organizations that report that they are seeing value at each stage of AI readiness, from 3% at the earliest  exploring  stage to 96% at the most advanced  realizing  stage.",11,1,0.6080000000000001,2024,pattern_matching,['Missing required context keywords'],,AI strategy.pdf,2025-07-24T17:20:01.209992
4.0,count,ai_implementation_count,professional_services,Figure 4 demonstrates how focus on growth nearly doubles as organizations report value from AI: 37% at the  realizing  stage prioritize growth compared to 20%,11,1,0.6080000000000001,2024,pattern_matching,['Missing required context keywords'],Figure,AI strategy.pdf,2025-07-24T17:20:01.209993
37.0,percentage,ai_adoption_rate,professional_services,Figure 4 demonstrates how focus on growth nearly doubles as organizations report value from AI: 37% at the  realizing  stage prioritize growth compared to 20% in the  exploring  stage.,11,1,0.6080000000000001,2024,pattern_matching,['Missing required context keywords'],Figure,AI strategy.pdf,2025-07-24T17:20:01.209994
37.0,count,ai_implementation_count,professional_services,Figure 4 demonstrates how focus on growth nearly doubles as organizations report value from AI: 37% at the  realizing  stage prioritize growth compared to 20% in the  exploring  stage.,11,1,0.6080000000000001,2024,pattern_matching,['Missing required context keywords'],Figure,AI strategy.pdf,2025-07-24T17:20:01.209995
20.0,percentage,ai_adoption_rate,professional_services,e 4 demonstrates how focus on growth nearly doubles as organizations report value from AI: 37% at the  realizing  stage prioritize growth compared to 20% in the  exploring  stage.,11,1,0.6080000000000001,2024,pattern_matching,['Missing required context keywords'],,AI strategy.pdf,2025-07-24T17:20:01.209995
20.0,count,ai_implementation_count,professional_services,e 4 demonstrates how focus on growth nearly doubles as organizations report value from AI: 37% at the  realizing  stage prioritize growth compared to 20% in the  exploring  stage.,11,1,0.6080000000000001,2024,pattern_matching,['Missing required context keywords'],,AI strategy.pdf,2025-07-24T17:20:01.209996
3.0,count,ai_implementation_count,unknown,Figure 3: Percentage of organizations that report realizing value at each stage of AI readiness,11,2,0.5599999999999999,2024,pattern_matching,['Missing required context keywords'],Figure,AI strategy.pdf,2025-07-24T17:20:01.209997
4.0,count,ai_implementation_count,unknown,Figure 4: Focus on growth increases as organizations realize value from AI,11,13,0.5599999999999999,2024,pattern_matching,['Missing required context keywords'],Figure,AI strategy.pdf,2025-07-24T17:20:01.209998
12.0,number,ai_implementation_count,unknown,Conclusion Part 3 Part 2 Introduction Part 1 Driver 1: Business strategy 12,11,23,0.5599999999999999,2024,pattern_matching,['Missing required context keywords'],Conclusion Part,AI strategy.pdf,2025-07-24T17:20:01.209999
5.0,count,ai_implementation_count,professional_services,"As shown in Figure 5, access to quality data is the first priority from the  exploring  to  implementing  stages, but it falls to second position as organizations progres",12,2,0.76,2024,pattern_matching,[],Figure,AI strategy.pdf,2025-07-24T17:20:01.209999
14.0,number,ai_implementation_count,unknown,Conclusion Part 3 Part 2 Introduction Part 1 Driver 2: Technology and data strategy 14,13,2,0.5599999999999999,2024,pattern_matching,['Missing required context keywords'],Conclusion Part,AI strategy.pdf,2025-07-24T17:20:01.210000
7.0,number,job_creation,unknown,"cus shifts to aligning AI models with use cases, as using the right tool for the right job can make or break the ability to realize value (see Figure 7).",15,1,0.7,2024,pattern_matching,[],Figure,AI strategy.pdf,2025-07-24T17:20:01.210001
16.0,number,ai_implementation_count,unknown,Conclusion Part 3 Part 2 Introduction Part 1 Driver 3: AI strategy and experience 16,15,23,0.5599999999999999,2024,pattern_matching,['Missing required context keywords'],Conclusion Part,AI strategy.pdf,2025-07-24T17:20:01.210002
1.0,percentage,ai_adoption_rate,education,"s of organizations at the  realizing  stage have clearly communicated their vision of, and commitment to, AI as critical to the business, compared to 1% at the  exploring  stage (see Figure 8).",16,2,0.6080000000000001,2024,pattern_matching,['Missing required context keywords'],Figure,AI strategy.pdf,2025-07-24T17:20:01.210002
1.0,count,ai_implementation_count,education,"s of organizations at the  realizing  stage have clearly communicated their vision of, and commitment to, AI as critical to the business, compared to 1% at the  exploring  stage (see Figure 8).",16,2,0.6080000000000001,2024,pattern_matching,['Missing required context keywords'],Figure,AI strategy.pdf,2025-07-24T17:20:01.210003
8.0,number,ai_implementation_count,education,"age have clearly communicated their vision of, and commitment to, AI as critical to the business, compared to 1% at the  exploring  stage (see Figure 8).",16,2,0.6080000000000001,2024,pattern_matching,['Missing required context keywords'],Figure,AI strategy.pdf,2025-07-24T17:20:01.210004
8.0,count,ai_implementation_count,education,Figure 8: Percentage of organizations whose leadership clearly communicates vision and commitment to AI,16,4,0.6080000000000001,2024,pattern_matching,['Missing required context keywords'],Figure,AI strategy.pdf,2025-07-24T17:20:01.210004
4.0,number,ai_implementation_count,unknown,Conclusion Part 3 Part 2 Introduction Part 1 Driver 4: Organization and culture 18,17,2,0.5599999999999999,2024,pattern_matching,['Missing required context keywords'],Conclusion Part,AI strategy.pdf,2025-07-24T17:20:01.210005
18.0,number,ai_implementation_count,unknown,Conclusion Part 3 Part 2 Introduction Part 1 Driver 4: Organization and culture 18,17,2,0.5599999999999999,2024,pattern_matching,['Missing required context keywords'],Conclusion Part,AI strategy.pdf,2025-07-24T17:20:01.210006
9.0,number,ai_implementation_count,professional_services,"The availability of AI subject-matter experts is the second organizational priority for all levels, as they contribute to institutional knowledge a",18,0,0.6080000000000001,2024,pattern_matching,['Missing required context keywords'],,AI strategy.pdf,2025-07-24T17:20:01.210006
64.0,percentage,ai_adoption_rate,professional_services,"The survey shows that 64% of organizations in the  realizing  stage have appointed a chief AI officer, compared to 6% in the  exploring stage . Finally, a culture that values",18,1,0.6080000000000001,2024,pattern_matching,['Missing required context keywords'],Finally,AI strategy.pdf,2025-07-24T17:20:01.210007
64.0,count,ai_implementation_count,professional_services,"The survey shows that 64% of organizations in the  realizing  stage have appointed a chief AI officer, compared to 6% in the  exploring stage . Finally, a culture that values",18,1,0.6080000000000001,2024,pattern_matching,['Missing required context keywords'],Finally,AI strategy.pdf,2025-07-24T17:20:01.210008
6.0,percentage,ai_adoption_rate,professional_services,"The survey shows that 64% of organizations in the  realizing  stage have appointed a chief AI officer, compared to 6% in the  exploring stage . Finally, a culture that values agile decision-making and the scientific method is an important driver of success, as it cre",18,1,0.6688000000000002,2024,pattern_matching,['Missing required context keywords'],Finally,AI strategy.pdf,2025-07-24T17:20:01.210009
6.0,count,ai_implementation_count,professional_services,"The survey shows that 64% of organizations in the  realizing  stage have appointed a chief AI officer, compared to 6% in the  exploring stage . Finally, a culture that values agile decision-making and the scientific method is an important driver of success, as it cr",18,1,0.6688000000000002,2024,pattern_matching,['Missing required context keywords'],Finally,AI strategy.pdf,2025-07-24T17:20:01.210010
36.0,percentage,ai_adoption_rate,unknown,in the  realizing  stage 36%,18,4,0.44799999999999995,2024,pattern_matching,['Missing required context keywords'],,AI strategy.pdf,2025-07-24T17:20:01.210010
9.0,percentage,ai_adoption_rate,unknown,in the  implementing  stage 9%,18,6,0.5599999999999999,2024,pattern_matching,[],,AI strategy.pdf,2025-07-24T17:20:01.210011
6.0,percentage,ai_budget_percentage,unknown,in the  planning  stage 6%,18,7,0.44799999999999995,2024,pattern_matching,['Missing required context keywords'],,AI strategy.pdf,2025-07-24T17:20:01.210012
19.0,number,ai_implementation_count,unknown,Conclusion Part 3 Part 2 Introduction Part 1 Driver 4: Organization and culture 19,18,28,0.5599999999999999,2024,pattern_matching,['Missing required context keywords'],Conclusion Part,AI strategy.pdf,2025-07-24T17:20:01.210013
49.0,percentage,ai_budget_percentage,retail_ecommerce,"On average, organizations reported the lowest AI readiness scores in AI governance (49% in the  exploring  and  planning  stages) compared to the other four drivers.",19,3,0.6080000000000001,2024,pattern_matching,['Missing required context keywords'],,AI strategy.pdf,2025-07-24T17:20:01.210013
49.0,count,ai_implementation_count,retail_ecommerce,"On average, organizations reported the lowest AI readiness scores in AI governance (49% in the  exploring  and  planning  stages) compared to the other four drivers.",19,3,0.6080000000000001,2024,pattern_matching,['Missing required context keywords'],,AI strategy.pdf,2025-07-24T17:20:01.210014
26.0,percentage,ai_adoption_rate,unknown,"It is possible that these numbers may change as the regulatory landscape evolves. Nevertheless, AI governance compris",19,4,0.5599999999999999,2024,pattern_matching,['Missing required context keywords'],Nevertheless,AI strategy.pdf,2025-07-24T17:20:01.210015
26.0,number,ai_implementation_count,unknown,"It is possible that these numbers may change as the regulatory landscape evolves. Nevertheless, AI governance compri",19,4,0.5599999999999999,2024,pattern_matching,['Missing required context keywords'],Nevertheless,AI strategy.pdf,2025-07-24T17:20:01.210015
22.0,percentage,ai_adoption_rate,unknown,"It is possible that these numbers may change as the regulatory landscape evolves. Nevertheless, AI governance comprising security, data privacy, an",19,4,0.5599999999999999,2024,pattern_matching,['Missing required context keywords'],Nevertheless,AI strategy.pdf,2025-07-24T17:20:01.210016
22.0,number,ai_implementation_count,unknown,"It is possible that these numbers may change as the regulatory landscape evolves. Nevertheless, AI governance comprising security, data privacy, a",19,4,0.5599999999999999,2024,pattern_matching,['Missing required context keywords'],Nevertheless,AI strategy.pdf,2025-07-24T17:20:01.210017
10.0,number,ai_implementation_count,unknown,ns can most effectively increase their AI readiness by focusing on processes and controls for transparency and explainability of AI tools (see Figure 10).,19,5,0.5599999999999999,2024,pattern_matching,['Missing required context keywords'],Figure,AI strategy.pdf,2025-07-24T17:20:01.210018
3.0,percentage,ai_adoption_rate,unknown,3% Seeing significant,22,12,0.44799999999999995,2024,pattern_matching,['Missing required context keywords'],Seeing,AI strategy.pdf,2025-07-24T17:20:01.210018
12.0,percentage,ai_adoption_rate,unknown,12% Seeing significant,22,23,0.44799999999999995,2024,pattern_matching,['Missing required context keywords'],Seeing,AI strategy.pdf,2025-07-24T17:20:01.210019
23.0,percentage,ai_adoption_rate,unknown,23% Seeing significant,22,34,0.44799999999999995,2024,pattern_matching,['Missing required context keywords'],Seeing,AI strategy.pdf,2025-07-24T17:20:01.210020
23.0,number,ai_implementation_count,unknown,23% Seeing significant,22,34,0.44799999999999995,2024,pattern_matching,['Missing required context keywords'],Seeing,AI strategy.pdf,2025-07-24T17:20:01.210020
96.0,percentage,ai_adoption_rate,unknown,96% Seeing significant,22,55,0.3584,2024,pattern_matching,"['Missing required context keywords', 'Outlier compared to other adoption rates']",Seeing,AI strategy.pdf,2025-07-24T17:20:01.210021
96.0,number,ai_implementation_count,unknown,96% Seeing significant,22,55,0.44799999999999995,2024,pattern_matching,['Missing required context keywords'],Seeing,AI strategy.pdf,2025-07-24T17:20:01.210022
1224.0,number,ai_implementation_count,unknown,"The charts on the following pages use standard competition ranking (also known as  1224  ranking, as used in sports such as golf), to assign the priority of each opportunity.",23,1,0.5599999999999999,2024,pattern_matching,['Missing required context keywords'],,AI strategy.pdf,2025-07-24T17:20:01.210022
24.0,number,ai_implementation_count,unknown,Conclusion Part 3 Part 1 Introduction Part 2 Guidance for leaders at every stage 24,23,2,0.5599999999999999,2024,pattern_matching,['Missing required context keywords'],Conclusion Part,AI strategy.pdf,2025-07-24T17:20:01.210023
25.0,number,ai_implementation_count,unknown,Conclusion Part 3 Part 1 Introduction Part 2 25,24,46,0.44799999999999995,2024,pattern_matching,['Missing required context keywords'],Conclusion Part,AI strategy.pdf,2025-07-24T17:20:01.210024
27.0,number,ai_implementation_count,unknown,Conclusion Part 3 Part 1 Introduction Part 2 27,26,42,0.44799999999999995,2024,pattern_matching,['Missing required context keywords'],Conclusion Part,AI strategy.pdf,2025-07-24T17:20:01.210024
11.0,number,ai_implementation_count,professional_services,,29,2,0.4864000000000001,2024,pattern_matching,['Missing required context keywords'],,AI strategy.pdf,2025-07-24T17:20:01.210025
30.0,number,ai_implementation_count,unknown,Conclusion Part 3 Part 1 Introduction Part 2 Guidance for leaders at every stage 30,29,3,0.5599999999999999,2024,pattern_matching,['Missing required context keywords'],Conclusion Part,AI strategy.pdf,2025-07-24T17:20:01.210026
31.0,number,ai_implementation_count,unknown,Conclusion Part 2 Part 1 Introduction Part 3 31,30,5,0.44799999999999995,2024,pattern_matching,['Missing required context keywords'],Conclusion Part,AI strategy.pdf,2025-07-24T17:20:01.210027
32.0,number,ai_implementation_count,unknown,Conclusion Part 2 Part 1 Introduction Part 3 32,31,5,0.44799999999999995,2024,pattern_matching,['Missing required context keywords'],Conclusion Part,AI strategy.pdf,2025-07-24T17:20:01.210027
1300.0,number,ai_implementation_count,professional_services,"While cloud adoption correlates with AI readiness, we also see other indications of momentum. On average, 20%",32,1,0.6080000000000001,2024,pattern_matching,['Missing required context keywords'],While,AI strategy.pdf,2025-07-24T17:20:01.210028
61.0,percentage,ai_adoption_rate,unknown,"ancial services leads in AI spend per month while also deploying AI across a wider variety of department, led by data and analytics departments where 61% are deploying AI.",32,2,0.7,2024,pattern_matching,[],,AI strategy.pdf,2025-07-24T17:20:01.210029
61.0,number,ai_implementation_count,unknown,"ancial services leads in AI spend per month while also deploying AI across a wider variety of department, led by data and analytics departments where 61% are deploying AI.",32,2,0.7,2024,pattern_matching,[],,AI strategy.pdf,2025-07-24T17:20:01.210029
7.0,percentage,ai_adoption_rate,unknown,"However, only 7% of organizations in the financial services industry report consistently high ROI from AI projects.",32,2,0.5599999999999999,2024,pattern_matching,['Missing required context keywords'],However,AI strategy.pdf,2025-07-24T17:20:01.210030
7.0,count,ai_implementation_count,unknown,"However, only 7% of organizations in the financial services industry report consistently high ROI from AI projects.",32,2,0.5599999999999999,2024,pattern_matching,['Missing required context keywords'],However,AI strategy.pdf,2025-07-24T17:20:01.210031
18.0,percentage,ai_adoption_rate,unknown,"Despite being one of the sectors with the highest average monthly AI spend, the per",32,3,0.5599999999999999,2024,pattern_matching,['Missing required context keywords'],Despite,AI strategy.pdf,2025-07-24T17:20:01.210031
20.0,percentage,ai_adoption_rate,unknown,"Despite being one of the sectors with the highest average monthly AI spend, the percentage of healthcare organizations in the  Rea",32,3,0.5599999999999999,2024,pattern_matching,['Missing required context keywords'],Despite,AI strategy.pdf,2025-07-24T17:20:01.210032
20.0,count,ai_implementation_count,unknown,"Despite being one of the sectors with the highest average monthly AI spend, the percentage of healthcare organizations in the  Re",32,3,0.5599999999999999,2024,pattern_matching,['Missing required context keywords'],Despite,AI strategy.pdf,2025-07-24T17:20:01.210033
5.0,percentage,ai_adoption_rate,unknown,"Despite being one of the sectors with the highest average monthly AI spend, the percentage of healthcare organizations in the  Realizing  stage (5%) is",32,3,0.5599999999999999,2024,pattern_matching,['Missing required context keywords'],Despite,AI strategy.pdf,2025-07-24T17:20:01.210034
5.0,count,ai_implementation_count,unknown,"Despite being one of the sectors with the highest average monthly AI spend, the percentage of healthcare organizations in the  Realizing  stage (5%) is",32,3,0.5599999999999999,2024,pattern_matching,['Missing required context keywords'],Despite,AI strategy.pdf,2025-07-24T17:20:01.210034
28.0,percentage,ai_adoption_rate,unknown,"The sector also outperforms the industry average, with 8% reporting consistently high ROI from AI project",32,5,0.5599999999999999,2024,pattern_matching,['Missing required context keywords'],,AI strategy.pdf,2025-07-24T17:20:01.210035
28.0,number,ai_implementation_count,unknown,"The sector also outperforms the industry average, with 8% reporting consistently high ROI from AI projec",32,5,0.5599999999999999,2024,pattern_matching,['Missing required context keywords'],,AI strategy.pdf,2025-07-24T17:20:01.210036
8.0,percentage,ai_adoption_rate,unknown,"The sector also outperforms the industry average, with 8% reporting consistently high ROI from AI projects. These figures highlight the significant value gained from integrating AI into manufacturing process",32,5,0.616,2024,pattern_matching,['Missing required context keywords'],,AI strategy.pdf,2025-07-24T17:20:01.210036
8.0,number,ai_implementation_count,unknown,"The sector also outperforms the industry average, with 8% reporting consistently high ROI from AI projects. These figures highlight the significant value gained from integrating AI into manufacturing proces",32,5,0.616,2024,pattern_matching,['Missing required context keywords'],,AI strategy.pdf,2025-07-24T17:20:01.210037
21.0,percentage,ai_adoption_rate,unknown,"21% of retailers have a chief AI officer, and a quarter of retailers are cloud first, showcasing their leading position in developing solutions for custo",32,6,0.5599999999999999,2024,pattern_matching,['Missing required context keywords'],,AI strategy.pdf,2025-07-24T17:20:01.210038
21.0,number,ai_implementation_count,unknown,"21% of retailers have a chief AI officer, and a quarter of retailers are cloud first, showcasing their leading position in developing solutions for cust",32,6,0.7,2024,pattern_matching,[],,AI strategy.pdf,2025-07-24T17:20:01.210039
33.0,number,ai_implementation_count,unknown,Conclusion Part 2 Part 1 Introduction Part 3 Insights and use cases unique to your industry 33,32,8,0.5599999999999999,2024,pattern_matching,['Missing required context keywords'],Conclusion Part,AI strategy.pdf,2025-07-24T17:20:01.210039
34.0,number,ai_implementation_count,unknown,Conclusion Part 2 Part 1 Introduction Part 3 34,33,47,0.44799999999999995,2024,pattern_matching,['Missing required context keywords'],Conclusion Part,AI strategy.pdf,2025-07-24T17:20:01.210040
40.0,percentage,productivity_improvement,transportation_logistics,"On average, 40% of companies are in the earliest ( exploring  and  planning ) stages of readiness, while 25% are in the most advanced stages ( scaling  and  realizin",34,47,0.6080000000000001,2024,pattern_matching,['Missing required context keywords'],,AI strategy.pdf,2025-07-24T17:20:01.210041
40.0,count,ai_implementation_count,transportation_logistics,"On average, 40% of companies are in the earliest ( exploring  and  planning ) stages of readiness, while 25% are in the most advanced stages ( scaling  and  realizi",34,47,0.6080000000000001,2024,pattern_matching,['Missing required context keywords'],,AI strategy.pdf,2025-07-24T17:20:01.210041
25.0,percentage,productivity_improvement,transportation_logistics,"On average, 40% of companies are in the earliest ( exploring  and  planning ) stages of readiness, while 25% are in the most advanced stages ( scaling  and  realizing ).",34,47,0.6080000000000001,2024,pattern_matching,['Missing required context keywords'],,AI strategy.pdf,2025-07-24T17:20:01.210042
25.0,count,ai_implementation_count,transportation_logistics,"On average, 40% of companies are in the earliest ( exploring  and  planning ) stages of readiness, while 25% are in the most advanced stages ( scaling  and  realizing ).",34,47,0.6080000000000001,2024,pattern_matching,['Missing required context keywords'],,AI strategy.pdf,2025-07-24T17:20:01.210043
35.0,number,ai_implementation_count,unknown,Conclusion Part 2 Part 1 Introduction Part 3 35,34,50,0.44799999999999995,2024,pattern_matching,['Missing required context keywords'],Conclusion Part,AI strategy.pdf,2025-07-24T17:20:01.210043
36.0,number,ai_implementation_count,unknown,Industry profile: Financial services Conclusion Part 2 Part 1 Introduction Part 3 36,35,1,0.5599999999999999,2024,pattern_matching,['Missing required context keywords'],Industry,AI strategy.pdf,2025-07-24T17:20:01.210044
58.0,percentage,ai_adoption_rate,unknown,Cross-industry average: 58%,36,6,0.44799999999999995,2024,pattern_matching,['Missing required context keywords'],Cross,AI strategy.pdf,2025-07-24T17:20:01.210045
58.0,number,ai_implementation_count,unknown,Cross-industry average: 58%,36,6,0.44799999999999995,2024,pattern_matching,['Missing required context keywords'],Cross,AI strategy.pdf,2025-07-24T17:20:01.210046
59.0,percentage,ai_adoption_rate,unknown,Cross-industry average: 59%,36,9,0.44799999999999995,2024,pattern_matching,['Missing required context keywords'],Cross,AI strategy.pdf,2025-07-24T17:20:01.210046
59.0,number,ai_implementation_count,unknown,Cross-industry average: 59%,36,9,0.44799999999999995,2024,pattern_matching,['Missing required context keywords'],Cross,AI strategy.pdf,2025-07-24T17:20:01.210047
46.0,percentage,ai_adoption_rate,unknown,Cross-industry average: 46%,36,15,0.44799999999999995,2024,pattern_matching,['Missing required context keywords'],Cross,AI strategy.pdf,2025-07-24T17:20:01.210048
46.0,number,ai_implementation_count,unknown,Cross-industry average: 46%,36,15,0.44799999999999995,2024,pattern_matching,['Missing required context keywords'],Cross,AI strategy.pdf,2025-07-24T17:20:01.210048
69.0,percentage,ai_adoption_rate,unknown,Cross-industry average: 69%,36,18,0.44799999999999995,2024,pattern_matching,['Missing required context keywords'],Cross,AI strategy.pdf,2025-07-24T17:20:01.210049
69.0,number,ai_implementation_count,unknown,Cross-industry average: 69%,36,18,0.44799999999999995,2024,pattern_matching,['Missing required context keywords'],Cross,AI strategy.pdf,2025-07-24T17:20:01.210050
37.0,number,ai_implementation_count,unknown,Conclusion Part 2 Part 1 Introduction Part 3 37,36,28,0.44799999999999995,2024,pattern_matching,['Missing required context keywords'],Conclusion Part,AI strategy.pdf,2025-07-24T17:20:01.210050
40.0,percentage,ai_adoption_rate,unknown,"The financial services sector is advancing more rapidly than other industries in terms of AI readiness, with 40% of organizations in the  implementing  stage.",37,3,0.7,2024,pattern_matching,[],,AI strategy.pdf,2025-07-24T17:20:01.210051
40.0,count,ai_implementation_count,unknown,"The financial services sector is advancing more rapidly than other industries in terms of AI readiness, with 40% of organizations in the  implementing  stage.",37,3,0.7,2024,pattern_matching,[],,AI strategy.pdf,2025-07-24T17:20:01.210052
58.0,percentage,ai_adoption_rate,education,"The finance sector is more proactive in enhancing AI implementation, as 58% allocate budgets for AI resources and projects, 54% provide AI-specific training to existing staff, and 52% create internal knowledge sharing initiat",37,4,0.8461538461538461,2024,pattern_matching,[],,AI strategy.pdf,2025-07-24T17:20:01.210053
58.0,number,ai_implementation_count,education,"The finance sector is more proactive in enhancing AI implementation, as 58% allocate budgets for AI resources and projects, 54% provide AI-specific training to existing staff, and 52% create internal knowledge sharing initia",37,4,0.8461538461538461,2024,pattern_matching,[],,AI strategy.pdf,2025-07-24T17:20:01.210054
54.0,percentage,ai_adoption_rate,education,"The finance sector is more proactive in enhancing AI implementation, as 58% allocate budgets for AI resources and projects, 54% provide AI-specific training to existing staff, and 52% create internal knowledge sharing initiatives.",37,4,0.8461538461538461,2024,pattern_matching,[],,AI strategy.pdf,2025-07-24T17:20:01.210055
54.0,number,ai_implementation_count,education,"The finance sector is more proactive in enhancing AI implementation, as 58% allocate budgets for AI resources and projects, 54% provide AI-specific training to existing staff, and 52% create internal knowledge sharing initiatives.",37,4,0.8461538461538461,2024,pattern_matching,[],,AI strategy.pdf,2025-07-24T17:20:01.210055
52.0,percentage,ai_adoption_rate,education,"active in enhancing AI implementation, as 58% allocate budgets for AI resources and projects, 54% provide AI-specific training to existing staff, and 52% create internal knowledge sharing initiatives.",37,4,0.7692307692307692,2024,pattern_matching,[],,AI strategy.pdf,2025-07-24T17:20:01.210056
52.0,number,ai_implementation_count,education,"active in enhancing AI implementation, as 58% allocate budgets for AI resources and projects, 54% provide AI-specific training to existing staff, and 52% create internal knowledge sharing initiatives.",37,4,0.7692307692307692,2024,pattern_matching,[],,AI strategy.pdf,2025-07-24T17:20:01.210057
27.0,percentage,ai_adoption_rate,education,"This commitment to AI advancement has led 27% of financial services firms to reach the  scaling  and  realizing  stage, exceeding the 25% general industry benchmark and marking them as above-aver",37,4,0.6153846153846154,2024,pattern_matching,['Missing required context keywords'],,AI strategy.pdf,2025-07-24T17:20:01.210058
27.0,count,ai_implementation_count,education,"This commitment to AI advancement has led 27% of financial services firms to reach the  scaling  and  realizing  stage, exceeding the 25% general industry benchmark and marking them as above-ave",37,4,0.6153846153846154,2024,pattern_matching,['Missing required context keywords'],,AI strategy.pdf,2025-07-24T17:20:01.210058
25.0,percentage,ai_adoption_rate,education,"This commitment to AI advancement has led 27% of financial services firms to reach the  scaling  and  realizing  stage, exceeding the 25% general industry benchmark and marking them as above-average in AI leadership.",37,4,0.676923076923077,2024,pattern_matching,['Missing required context keywords'],,AI strategy.pdf,2025-07-24T17:20:01.210059
25.0,count,ai_implementation_count,education,"This commitment to AI advancement has led 27% of financial services firms to reach the  scaling  and  realizing  stage, exceeding the 25% general industry benchmark and marking them as above-average in AI leadership.",37,4,0.676923076923077,2024,pattern_matching,['Missing required context keywords'],,AI strategy.pdf,2025-07-24T17:20:01.210060
67.0,percentage,job_creation,retail_ecommerce,"It is promising to see that 67% of working hours in banking could be affected by generative AI, which could lead to a potential increase in productivity of 22-30% for banks that use",37,6,0.6080000000000001,2024,pattern_matching,['Missing required context keywords'],,AI strategy.pdf,2025-07-24T17:20:01.210061
67.0,number,job_creation,retail_ecommerce,"It is promising to see that 67% of working hours in banking could be affected by generative AI, which could lead to a potential increase in productivity of 22-30% for banks that us",37,6,0.6080000000000001,2024,pattern_matching,['Missing required context keywords'],,AI strategy.pdf,2025-07-24T17:20:01.210061
22.0,number,job_creation,retail_ecommerce,"promising to see that 67% of working hours in banking could be affected by generative AI, which could lead to a potential increase in productivity of 22-30% for banks that use this technology effectively.",37,6,0.6688000000000002,2024,pattern_matching,['Missing required context keywords'],,AI strategy.pdf,2025-07-24T17:20:01.210062
30.0,percentage,job_creation,retail_ecommerce,"mising to see that 67% of working hours in banking could be affected by generative AI, which could lead to a potential increase in productivity of 22-30% for banks that use this technology effectively.",37,6,0.6688000000000002,2024,pattern_matching,['Missing required context keywords'],,AI strategy.pdf,2025-07-24T17:20:01.210063
30.0,number,job_creation,retail_ecommerce,"mising to see that 67% of working hours in banking could be affected by generative AI, which could lead to a potential increase in productivity of 22-30% for banks that use this technology effectively.",37,6,0.6688000000000002,2024,pattern_matching,['Missing required context keywords'],,AI strategy.pdf,2025-07-24T17:20:01.210064
5.0,number,ai_implementation_count,retail_ecommerce,"5 Yet, research indicates that financial services trail behind other sectors in technology and data strategy during the  scaling  and  realizing  stage",37,6,0.6080000000000001,2024,pattern_matching,['Missing required context keywords'],,AI strategy.pdf,2025-07-24T17:20:01.210064
19.0,percentage,ai_adoption_rate,retail_ecommerce,"itional compliance and regulatory requirements, which also causes the industry to move more deliberately in AI governance as evident in the fact that 19% are in the advanced stages of readiness compared to 28% across all industries.",37,6,0.6688000000000002,2024,pattern_matching,['Missing required context keywords'],,AI strategy.pdf,2025-07-24T17:20:01.210065
19.0,number,ai_implementation_count,retail_ecommerce,"itional compliance and regulatory requirements, which also causes the industry to move more deliberately in AI governance as evident in the fact that 19% are in the advanced stages of readiness compared to 28% across all industries.",37,6,0.6688000000000002,2024,pattern_matching,['Missing required context keywords'],,AI strategy.pdf,2025-07-24T17:20:01.210066
28.0,percentage,ai_adoption_rate,retail_ecommerce,so causes the industry to move more deliberately in AI governance as evident in the fact that 19% are in the advanced stages of readiness compared to 28% across all industries.,37,6,0.6080000000000001,2024,pattern_matching,['Missing required context keywords'],,AI strategy.pdf,2025-07-24T17:20:01.210066
28.0,number,ai_implementation_count,retail_ecommerce,so causes the industry to move more deliberately in AI governance as evident in the fact that 19% are in the advanced stages of readiness compared to 28% across all industries.,37,6,0.6080000000000001,2024,pattern_matching,['Missing required context keywords'],,AI strategy.pdf,2025-07-24T17:20:01.210067
39.0,percentage,ai_adoption_rate,retail_ecommerce,"Despite these requirements, only 39% of financial institutions prioritize trustworthiness in their selection of AI tools, which is the lowest percentage across all industries and falls b",37,6,0.6080000000000001,2024,pattern_matching,['Missing required context keywords'],Despite,AI strategy.pdf,2025-07-24T17:20:01.210068
39.0,number,ai_implementation_count,retail_ecommerce,"Despite these requirements, only 39% of financial institutions prioritize trustworthiness in their selection of AI tools, which is the lowest percentage across all industries and falls",37,6,0.6080000000000001,2024,pattern_matching,['Missing required context keywords'],Despite,AI strategy.pdf,2025-07-24T17:20:01.210068
44.0,percentage,ai_adoption_rate,retail_ecommerce,"cial institutions prioritize trustworthiness in their selection of AI tools, which is the lowest percentage across all industries and falls below the 44% average.",37,6,0.6080000000000001,2024,pattern_matching,['Missing required context keywords'],,AI strategy.pdf,2025-07-24T17:20:01.210069
44.0,number,ai_implementation_count,retail_ecommerce,"cial institutions prioritize trustworthiness in their selection of AI tools, which is the lowest percentage across all industries and falls below the 44% average.",37,6,0.6080000000000001,2024,pattern_matching,['Missing required context keywords'],,AI strategy.pdf,2025-07-24T17:20:01.210070
13.0,number,ai_implementation_count,unknown,Figure 13: Financial services stages of AI readiness,37,17,0.5599999999999999,2024,pattern_matching,['Missing required context keywords'],Figure,AI strategy.pdf,2025-07-24T17:20:01.210070
40.0,number,ai_implementation_count,unknown,Conclusion Part 2 Part 1 Introduction Part 3 40,39,35,0.44799999999999995,2024,pattern_matching,['Missing required context keywords'],Conclusion Part,AI strategy.pdf,2025-07-24T17:20:01.210071
41.0,number,ai_implementation_count,unknown,Conclusion Part 2 Part 1 Introduction Part 3 41,40,6,0.44799999999999995,2024,pattern_matching,['Missing required context keywords'],Conclusion Part,AI strategy.pdf,2025-07-24T17:20:01.210072
42.0,number,ai_implementation_count,unknown,Industry profile: Healthcare Conclusion Part 2 Part 1 Introduction Part 3 42,41,1,0.5599999999999999,2024,pattern_matching,['Missing required context keywords'],Industry,AI strategy.pdf,2025-07-24T17:20:01.210073
49.0,percentage,ai_adoption_rate,unknown,Cross-industry average: 49%,42,12,0.44799999999999995,2024,pattern_matching,['Missing required context keywords'],Cross,AI strategy.pdf,2025-07-24T17:20:01.210073
49.0,number,ai_implementation_count,unknown,Cross-industry average: 49%,42,12,0.44799999999999995,2024,pattern_matching,['Missing required context keywords'],Cross,AI strategy.pdf,2025-07-24T17:20:01.210074
42.0,percentage,ai_adoption_rate,unknown,Cross-industry average: 42%,42,15,0.44799999999999995,2024,pattern_matching,['Missing required context keywords'],Cross,AI strategy.pdf,2025-07-24T17:20:01.210075
53.0,percentage,ai_adoption_rate,unknown,Cross-industry average: 53%,42,18,0.44799999999999995,2024,pattern_matching,['Missing required context keywords'],Cross,AI strategy.pdf,2025-07-24T17:20:01.210075
53.0,number,ai_implementation_count,unknown,Cross-industry average: 53%,42,18,0.44799999999999995,2024,pattern_matching,['Missing required context keywords'],Cross,AI strategy.pdf,2025-07-24T17:20:01.210076
6.0,percentage,ai_adoption_rate,unknown,Cross-industry average: 6%,42,21,0.44799999999999995,2024,pattern_matching,['Missing required context keywords'],Cross,AI strategy.pdf,2025-07-24T17:20:01.210077
51.0,percentage,ai_adoption_rate,unknown,Cross-industry average: 51%,42,24,0.44799999999999995,2024,pattern_matching,['Missing required context keywords'],Cross,AI strategy.pdf,2025-07-24T17:20:01.210077
51.0,number,ai_implementation_count,unknown,Cross-industry average: 51%,42,24,0.44799999999999995,2024,pattern_matching,['Missing required context keywords'],Cross,AI strategy.pdf,2025-07-24T17:20:01.210078
43.0,number,ai_implementation_count,unknown,Conclusion Part 2 Part 1 Introduction Part 3 43,42,28,0.44799999999999995,2024,pattern_matching,['Missing required context keywords'],Conclusion Part,AI strategy.pdf,2025-07-24T17:20:01.210079
28.0,percentage,ai_budget_percentage,financial_services,"While 28% of organizations are in the  scaling  and  realizing  stages, there s considerable optimism in most organizations, with 44% actively laying the groun",43,2,0.6080000000000001,2024,pattern_matching,['Missing required context keywords'],While,AI strategy.pdf,2025-07-24T17:20:01.210079
28.0,count,ai_implementation_count,financial_services,"While 28% of organizations are in the  scaling  and  realizing  stages, there s considerable optimism in most organizations, with 44% actively laying the grou",43,2,0.6080000000000001,2024,pattern_matching,['Missing required context keywords'],While,AI strategy.pdf,2025-07-24T17:20:01.210080
44.0,percentage,ai_budget_percentage,financial_services,"While 28% of organizations are in the  scaling  and  realizing  stages, there s considerable optimism in most organizations, with 44% actively laying the groundwork in the  exploring  and  planning  stages.",43,2,0.6688000000000002,2024,pattern_matching,['Missing required context keywords'],While,AI strategy.pdf,2025-07-24T17:20:01.210081
44.0,count,ai_implementation_count,financial_services,"While 28% of organizations are in the  scaling  and  realizing  stages, there s considerable optimism in most organizations, with 44% actively laying the groundwork in the  exploring  and  planning  stages.",43,2,0.6688000000000002,2024,pattern_matching,['Missing required context keywords'],While,AI strategy.pdf,2025-07-24T17:20:01.210081
25.0,percentage,net_employment_change,professional_services,"The healthcare sector ranks above the 25% average in overall maturity at 28%, which is the highest of all industries in the  scaling  and  realizing  stage.",43,3,0.76,2024,pattern_matching,[],,AI strategy.pdf,2025-07-24T17:20:01.210082
25.0,number,net_employment_change,professional_services,"The healthcare sector ranks above the 25% average in overall maturity at 28%, which is the highest of all industries in the  scaling  and  realizing  stage.",43,3,0.76,2024,pattern_matching,[],,AI strategy.pdf,2025-07-24T17:20:01.210083
28.0,percentage,net_employment_change,professional_services,"The healthcare sector ranks above the 25% average in overall maturity at 28%, which is the highest of all industries in the  scaling  and  realizing  stage.",43,3,0.76,2024,pattern_matching,[],,AI strategy.pdf,2025-07-24T17:20:01.210084
28.0,number,net_employment_change,professional_services,"The healthcare sector ranks above the 25% average in overall maturity at 28%, which is the highest of all industries in the  scaling  and  realizing  stage.",43,3,0.76,2024,pattern_matching,[],,AI strategy.pdf,2025-07-24T17:20:01.210084
14.0,percentage,ai_adoption_rate,professional_services,"Yet, 14% of healthcare organizations claim they receive no discernable value from AI, underscoring the difficulty in connecting and measuring AI investments a",43,3,0.6080000000000001,2024,pattern_matching,['Missing required context keywords'],,AI strategy.pdf,2025-07-24T17:20:01.210085
14.0,count,ai_implementation_count,professional_services,"Yet, 14% of healthcare organizations claim they receive no discernable value from AI, underscoring the difficulty in connecting and measuring AI investments",43,3,0.6080000000000001,2024,pattern_matching,['Missing required context keywords'],,AI strategy.pdf,2025-07-24T17:20:01.210086
25.0,percentage,ai_adoption_rate,unknown,"When it comes to AI strategy and experience, the healthcare industry leads other sectors with 25% of organizations in the  scaling  and  realizing  stages, surpassing the average.",43,6,0.5599999999999999,2024,pattern_matching,['Missing required context keywords'],When,AI strategy.pdf,2025-07-24T17:20:01.210086
25.0,count,ai_implementation_count,unknown,"When it comes to AI strategy and experience, the healthcare industry leads other sectors with 25% of organizations in the  scaling  and  realizing  stages, surpassing the average.",43,6,0.5599999999999999,2024,pattern_matching,['Missing required context keywords'],When,AI strategy.pdf,2025-07-24T17:20:01.210087
44.0,number,ai_implementation_count,unknown,Conclusion Part 2 Part 1 Introduction Part 3 44,43,19,0.44799999999999995,2024,pattern_matching,['Missing required context keywords'],Conclusion Part,AI strategy.pdf,2025-07-24T17:20:01.210088
47.0,number,ai_implementation_count,unknown,Conclusion Part 2 Part 1 Introduction Part 3 47,46,6,0.44799999999999995,2024,pattern_matching,['Missing required context keywords'],Conclusion Part,AI strategy.pdf,2025-07-24T17:20:01.210089
48.0,number,ai_implementation_count,unknown,Industry profile: Manufacturing Conclusion Part 2 Part 1 Introduction Part 3 48,47,1,0.5599999999999999,2024,pattern_matching,['Missing required context keywords'],Industry,AI strategy.pdf,2025-07-24T17:20:01.210089
14.0,percentage,ai_adoption_rate,unknown,Cross-industry average: 14%,48,12,0.44799999999999995,2024,pattern_matching,['Missing required context keywords'],Cross,AI strategy.pdf,2025-07-24T17:20:01.210090
39.0,percentage,ai_adoption_rate,unknown,Cross-industry average: 39%,48,21,0.44799999999999995,2024,pattern_matching,['Missing required context keywords'],Cross,AI strategy.pdf,2025-07-24T17:20:01.210091
39.0,number,ai_implementation_count,unknown,Cross-industry average: 39%,48,21,0.44799999999999995,2024,pattern_matching,['Missing required context keywords'],Cross,AI strategy.pdf,2025-07-24T17:20:01.210091
38.0,percentage,ai_adoption_rate,unknown,"These early stages of AI readiness include learning about AI, experimenting with it",49,2,0.5599999999999999,2024,pattern_matching,['Missing required context keywords'],,AI strategy.pdf,2025-07-24T17:20:01.210092
38.0,number,ai_implementation_count,unknown,"These early stages of AI readiness include learning about AI, experimenting with it",49,2,0.5599999999999999,2024,pattern_matching,['Missing required context keywords'],,AI strategy.pdf,2025-07-24T17:20:01.210093
9.0,count,ai_implementation_count,unknown,"Although manufacturing organizations are less likely to have started on the cloud, 9 out of 10 organizations are in the cloud or currently migrating to the cloud.",49,5,0.5599999999999999,2024,pattern_matching,['Missing required context keywords'],Although,AI strategy.pdf,2025-07-24T17:20:01.210094
10.0,count,ai_implementation_count,unknown,"Although manufacturing organizations are less likely to have started on the cloud, 9 out of 10 organizations are in the cloud or currently migrating to the cloud.",49,5,0.5599999999999999,2024,pattern_matching,['Missing required context keywords'],Although,AI strategy.pdf,2025-07-24T17:20:01.210094
23.0,percentage,ai_budget_percentage,unknown,"Given the shift required to build AI-ready cloud and data foundations, manufacturers tend to require more investment with 23% of manufacturing organizations spending $100k to less than $500k on cloud per month, exceeding the 20% industry average.",49,5,0.77,2024,pattern_matching,[],Given,AI strategy.pdf,2025-07-24T17:20:01.210095
23.0,count,ai_implementation_count,unknown,"Given the shift required to build AI-ready cloud and data foundations, manufacturers tend to require more investment with 23% of manufacturing organizations spending $100k to less than $500k on cloud per month, exceeding the 20% industry average.",49,5,0.616,2024,pattern_matching,['Missing required context keywords'],Given,AI strategy.pdf,2025-07-24T17:20:01.210096
0.1,millions_usd,ai_investment_amount,unknown,"required to build AI-ready cloud and data foundations, manufacturers tend to require more investment with 23% of manufacturing organizations spending $100k to less than $500k on cloud per month, exceeding the 20% industry average.",49,5,0.77,2024,pattern_matching,[],,AI strategy.pdf,2025-07-24T17:20:01.210096
100.0,count,ai_implementation_count,unknown,"equired to build AI-ready cloud and data foundations, manufacturers tend to require more investment with 23% of manufacturing organizations spending $100k to less than $500k on cloud per month, exceeding the 20% industry average.",49,5,0.616,2024,pattern_matching,['Missing required context keywords'],,AI strategy.pdf,2025-07-24T17:20:01.210097
500.0,count,ai_implementation_count,unknown,"-ready cloud and data foundations, manufacturers tend to require more investment with 23% of manufacturing organizations spending $100k to less than $500k on cloud per month, exceeding the 20% industry average.",49,5,0.616,2024,pattern_matching,['Missing required context keywords'],,AI strategy.pdf,2025-07-24T17:20:01.210098
20.0,percentage,ai_budget_percentage,unknown,"facturers tend to require more investment with 23% of manufacturing organizations spending $100k to less than $500k on cloud per month, exceeding the 20% industry average.",49,5,0.7,2024,pattern_matching,[],,AI strategy.pdf,2025-07-24T17:20:01.210098
365.0,number,ai_implementation_count,information_communication_technology,Accelerate industrial transformation with Microsoft AI solutions.,51,35,0.76,2024,pattern_matching,[],Accelerate,AI strategy.pdf,2025-07-24T17:20:01.210099
52.0,number,ai_implementation_count,unknown,Conclusion Part 2 Part 1 Introduction Part 3 52,51,37,0.44799999999999995,2024,pattern_matching,['Missing required context keywords'],Conclusion Part,AI strategy.pdf,2025-07-24T17:20:01.210100
54.0,number,ai_implementation_count,unknown,Industry profile: Retail Conclusion Part 2 Part 1 Introduction Part 3 54,53,1,0.5599999999999999,2024,pattern_matching,['Missing required context keywords'],Industry,AI strategy.pdf,2025-07-24T17:20:01.210100
30.0,percentage,ai_adoption_rate,unknown,Cross-industry average: 30%,54,9,0.44799999999999995,2024,pattern_matching,['Missing required context keywords'],Cross,AI strategy.pdf,2025-07-24T17:20:01.210101
48.0,percentage,ai_adoption_rate,unknown,Cross-industry average: 48%,54,21,0.44799999999999995,2024,pattern_matching,['Missing required context keywords'],Cross,AI strategy.pdf,2025-07-24T17:20:01.210102
44.0,percentage,ai_adoption_rate,unknown,Cross-industry average: 44%,54,24,0.44799999999999995,2024,pattern_matching,['Missing required context keywords'],Cross,AI strategy.pdf,2025-07-24T17:20:01.210102
55.0,number,ai_implementation_count,unknown,Conclusion Part 2 Part 1 Introduction Part 3 55,54,28,0.44799999999999995,2024,pattern_matching,['Missing required context keywords'],Conclusion Part,AI strategy.pdf,2025-07-24T17:20:01.210103
43.0,percentage,ai_budget_percentage,retail_ecommerce,"Yet, many are still at the starting blocks, with 43% of retailers in the  exploring  and  planning  stage. This diversity reflects the broad category of retailers, from big-box stores to boutique shops,",55,2,0.6432800000000001,2024,pattern_matching,['Missing required context keywords'],,AI strategy.pdf,2025-07-24T17:20:01.210104
43.0,number,ai_implementation_count,retail_ecommerce,"Yet, many are still at the starting blocks, with 43% of retailers in the  exploring  and  planning  stage. This diversity reflects the broad category of retailers, from big-box stores to boutique shops",55,2,0.6432800000000001,2024,pattern_matching,['Missing required context keywords'],,AI strategy.pdf,2025-07-24T17:20:01.210105
25.0,percentage,ai_adoption_rate,retail_ecommerce,"About 25% of retail companies embraced cloud technology early, giving them a head start on AI. However, 8% of retailers have yet to start using cloud services,",55,2,0.731,2024,pattern_matching,[],About,AI strategy.pdf,2025-07-24T17:20:01.210106
25.0,count,ai_implementation_count,retail_ecommerce,"About 25% of retail companies embraced cloud technology early, giving them a head start on AI. However, 8% of retailers have yet to start using cloud services",55,2,0.5848,2024,pattern_matching,['Missing required context keywords'],About,AI strategy.pdf,2025-07-24T17:20:01.210106
8.0,percentage,ai_adoption_rate,retail_ecommerce,"However, 8% of retailers have yet to start using cloud services, which is slightly higher than the average of 6% across industries.",55,2,0.731,2024,pattern_matching,[],However,AI strategy.pdf,2025-07-24T17:20:01.210107
8.0,number,ai_implementation_count,retail_ecommerce,"However, 8% of retailers have yet to start using cloud services, which is slightly higher than the average of 6% across industries.",55,2,0.5848,2024,pattern_matching,['Missing required context keywords'],However,AI strategy.pdf,2025-07-24T17:20:01.210108
6.0,percentage,ai_adoption_rate,retail_ecommerce,"However, 8% of retailers have yet to start using cloud services, which is slightly higher than the average of 6% across industries.",55,2,0.731,2024,pattern_matching,[],However,AI strategy.pdf,2025-07-24T17:20:01.210109
6.0,number,ai_implementation_count,retail_ecommerce,"However, 8% of retailers have yet to start using cloud services, which is slightly higher than the average of 6% across industries.",55,2,0.5848,2024,pattern_matching,['Missing required context keywords'],However,AI strategy.pdf,2025-07-24T17:20:01.210109
54.0,percentage,ai_budget_percentage,unknown,"In terms of AI governance, a larger proportion of retail organizations are in the  exploring  and  planning  stages, at 54% combined, compared to the average of 49%.",55,4,0.5599999999999999,2024,pattern_matching,['Missing required context keywords'],,AI strategy.pdf,2025-07-24T17:20:01.210110
54.0,count,ai_implementation_count,unknown,"In terms of AI governance, a larger proportion of retail organizations are in the  exploring  and  planning  stages, at 54% combined, compared to the average of 49%.",55,4,0.5599999999999999,2024,pattern_matching,['Missing required context keywords'],,AI strategy.pdf,2025-07-24T17:20:01.210111
49.0,percentage,ai_budget_percentage,unknown,"AI governance, a larger proportion of retail organizations are in the  exploring  and  planning  stages, at 54% combined, compared to the average of 49%.",55,4,0.5599999999999999,2024,pattern_matching,['Missing required context keywords'],,AI strategy.pdf,2025-07-24T17:20:01.210112
49.0,count,ai_implementation_count,unknown,"AI governance, a larger proportion of retail organizations are in the  exploring  and  planning  stages, at 54% combined, compared to the average of 49%.",55,4,0.5599999999999999,2024,pattern_matching,['Missing required context keywords'],,AI strategy.pdf,2025-07-24T17:20:01.210112
365.0,number,workforce_augmentation,information_communication_technology,"Identify ways to connect your customers, your people and your data with Microsoft Cloud for Retail Learn how Microsoft 365 for frontline workers empowers employees.",57,34,0.7813157894736842,2024,pattern_matching,[],Identify,AI strategy.pdf,2025-07-24T17:20:01.210113
63.0,number,ai_implementation_count,unknown,"Research, methodology, and modeling 63",59,2,0.44799999999999995,2024,pattern_matching,['Missing required context keywords'],Research,AI strategy.pdf,2025-07-24T17:20:01.210114
60.0,number,ai_implementation_count,unknown,Part 3 Part 2 Part 1 Introduction Conclusion 60,59,5,0.44799999999999995,2024,pattern_matching,['Missing required context keywords'],Part,AI strategy.pdf,2025-07-24T17:20:01.210114
1950.0,number,ai_implementation_count,unknown,"Definitions AI (artificial intelligence) (1950s): The theory and development of computer systems that are able to perform tasks that normally require human intelligence, such as visual perception,",61,0,0.7,2024,pattern_matching,[],Definitions,AI strategy.pdf,2025-07-24T17:20:01.210115
1990.0,number,ai_implementation_count,unknown,Machine learning (1990s): A subset of AI and computer science where algorithmic models are trained to learn from existing data to make decisions or predictions.,61,1,0.5599999999999999,2024,pattern_matching,['Missing required context keywords'],Machine,AI strategy.pdf,2025-07-24T17:20:01.210116
2010.0,number,ai_implementation_count,unknown,,61,2,0.44799999999999995,2024,pattern_matching,['Missing required context keywords'],,AI strategy.pdf,2025-07-24T17:20:01.210117
2020.0,number,job_creation,unknown,"Generative AI (2020s): A type of AI technology that uses algorithmic models to create new written, visual, and auditory content when given prompts or existing data.",61,3,0.7,2024,pattern_matching,[],Generative,AI strategy.pdf,2025-07-24T17:20:01.210117
212.0,number,ai_investment_amount,financial_services,"This sector includes banking, capital markets, and insurance.",61,5,0.3858333333333333,2024,pattern_matching,"[""Invalid unit 'number' for ai_investment_amount""]",,AI strategy.pdf,2025-07-24T17:20:01.210118
171.0,number,ai_patents_filed,energy_utilities,"This sector includes industrial equipment machinery, vehicle OEMs and suppliers, chemicals, semiconductors,",61,6,0.76,2024,pattern_matching,[],,AI strategy.pdf,2025-07-24T17:20:01.210119
153.0,number,ai_implementation_count,energy_utilities,This sector includes healthcare payers and providers.,61,7,0.6080000000000001,2024,pattern_matching,['Missing required context keywords'],,AI strategy.pdf,2025-07-24T17:20:01.210119
89.0,number,ai_implementation_count,energy_utilities,"This sector includes grocery, specialty retail, convenience, big box, and quick-serve restaurants.",61,8,0.6080000000000001,2024,pattern_matching,['Missing required context keywords'],,AI strategy.pdf,2025-07-24T17:20:01.210120
2023.0,number,ai_patents_filed,information_communication_technology,"In August of 2023, IPSOS conducted an expert workshop with representatives from business and academia. They then conducted a quantitative survey of enterprise business",62,1,0.76,2024,pattern_matching,[],In August,AI strategy.pdf,2025-07-24T17:20:01.210121
2023.0,number,ai_implementation_count,information_communication_technology,ntitative survey of enterprise business and IT decision-makers (BDMs and ITDMs) on the topic of AI readiness and success from September to October of 2023.,62,1,0.6080000000000001,2024,pattern_matching,['Missing required context keywords'],September,AI strategy.pdf,2025-07-24T17:20:01.210121
500.0,count,workforce_augmentation,professional_services,"makers had a budget responsibility, covered a mix of business factors and departments, and represented enterprise or higher mid-market organizations (500  employees for U.",62,2,0.76,2024,pattern_matching,[],,AI strategy.pdf,2025-07-24T17:20:01.210122
300.0,count,workforce_augmentation,professional_services,"S organizations, 300  employees for global markets). They also covered 4 core industries,",62,2,0.76,2024,pattern_matching,[],They,AI strategy.pdf,2025-07-24T17:20:01.210123
4.0,number,ai_implementation_count,professional_services,"They also covered 4 core industries,",62,2,0.4864000000000001,2024,pattern_matching,['Missing required context keywords'],They,AI strategy.pdf,2025-07-24T17:20:01.210123
212.0,number,ai_implementation_count,unknown,"We obtained input from more than 1,300 deci",62,3,0.44799999999999995,2024,pattern_matching,['Missing required context keywords'],,AI strategy.pdf,2025-07-24T17:20:01.210124
153.0,number,ai_patents_filed,unknown,"We obtained input from more than 1,300 decision-makers in multiple market",62,3,0.7,2024,pattern_matching,[],,AI strategy.pdf,2025-07-24T17:20:01.210125
171.0,number,ai_patents_filed,unknown,"We obtained input from more than 1,300 decision-makers in multiple markets, including the United States, I",62,3,0.7,2024,pattern_matching,[],United States,AI strategy.pdf,2025-07-24T17:20:01.210125
89.0,number,ai_patents_filed,unknown,"We obtained input from more than 1,300 decision-makers in multiple markets, including the United States, India, United Kingdom, Germany",62,3,0.7,2024,pattern_matching,[],United States,AI strategy.pdf,2025-07-24T17:20:01.210126
1.0,number,ai_patents_filed,unknown,"We obtained input from more than 1,300 decision-makers in multiple markets, including the United States, India, United Kingdom, Germany, and Japan.",62,3,0.7,2024,pattern_matching,[],United States,AI strategy.pdf,2025-07-24T17:20:01.210127
300.0,number,ai_patents_filed,unknown,"We obtained input from more than 1,300 decision-makers in multiple markets, including the United States, India, United Kingdom, Germany, and Japan.",62,3,0.7,2024,pattern_matching,[],United States,AI strategy.pdf,2025-07-24T17:20:01.210127
40.0,number,ai_implementation_count,professional_services,"The survey included more than 40 questions related to each of the five drivers of AI success: business strategy, technology and data strategy, AI strategy and experience, organizatio",62,4,0.6080000000000001,2024,pattern_matching,['Missing required context keywords'],,AI strategy.pdf,2025-07-24T17:20:01.210128
2.0,number,ai_implementation_count,unknown,"Similarly, for the  planning  stage, questions were set at a value of 2. The values serve as standard examples for each stage. However, the specific recommendations for an industry might differ, depending on the organizat",62,6,0.616,2024,pattern_matching,['Missing required context keywords'],Similarly,AI strategy.pdf,2025-07-24T17:20:01.210129
207.0,number,ai_implementation_count,unknown,Germany n 207 103 104,62,14,0.44799999999999995,2024,pattern_matching,['Missing required context keywords'],Germany,AI strategy.pdf,2025-07-24T17:20:01.210130
103.0,number,ai_implementation_count,unknown,Germany n 207 103 104,62,14,0.44799999999999995,2024,pattern_matching,['Missing required context keywords'],Germany,AI strategy.pdf,2025-07-24T17:20:01.210130
104.0,number,ai_implementation_count,unknown,Germany n 207 103 104,62,14,0.44799999999999995,2024,pattern_matching,['Missing required context keywords'],Germany,AI strategy.pdf,2025-07-24T17:20:01.210131
2023.0,number,ai_implementation_count,unknown,"Grace Solomonoff,  The Meeting of the Minds that Launched AI,  May 6, 2023, accessed February 29, 2024, The Meeting of the Minds That Launched AI - IEEE Spectrum.",63,0,0.5599999999999999,2024,pattern_matching,['Missing required context keywords'],Grace Solomonoff,AI strategy.pdf,2025-07-24T17:20:01.210132
29.0,number,ai_implementation_count,unknown,"Grace Solomonoff,  The Meeting of the Minds that Launched AI,  May 6, 2023, accessed February 29, 2024, The Meeting of the Minds That Launched AI - IEEE Spectrum.",63,0,0.5599999999999999,2024,pattern_matching,['Missing required context keywords'],Grace Solomonoff,AI strategy.pdf,2025-07-24T17:20:01.210132
2024.0,number,ai_implementation_count,unknown,"Grace Solomonoff,  The Meeting of the Minds that Launched AI,  May 6, 2023, accessed February 29, 2024, The Meeting of the Minds That Launched AI - IEEE Spectrum.",63,0,0.5599999999999999,2024,pattern_matching,['Missing required context keywords'],Grace Solomonoff,AI strategy.pdf,2025-07-24T17:20:01.210133
3.0,number,job_creation,professional_services,IPSOS created the analyses and models described in this paper using multinomial logit analyses to predict the AI readiness level of each driver usin,63,2,0.76,2024,pattern_matching,[],,AI strategy.pdf,2025-07-24T17:20:01.210134
4.0,number,job_creation,manufacturing,,63,3,0.4864000000000001,2024,pattern_matching,['Missing required context keywords'],,AI strategy.pdf,2025-07-24T17:20:01.210134
14.0,number,job_creation,manufacturing,,63,3,0.4864000000000001,2024,pattern_matching,['Missing required context keywords'],,AI strategy.pdf,2025-07-24T17:20:01.210135
2023.0,number,job_creation,manufacturing,,63,3,0.4864000000000001,2024,pattern_matching,['Missing required context keywords'],,AI strategy.pdf,2025-07-24T17:20:01.210136
5.0,number,ai_implementation_count,professional_services,com conte,63,4,0.4864000000000001,2024,pattern_matching,['Missing required context keywords'],,AI strategy.pdf,2025-07-24T17:20:01.210136
2024.0,number,ai_implementation_count,professional_services,com content dam accenture final  accenture-com document-2 Acc,63,4,0.6080000000000001,2024,pattern_matching,['Missing required context keywords'],,AI strategy.pdf,2025-07-24T17:20:01.210137
2.0,number,ai_implementation_count,professional_services,com content dam accenture final  accenture-com document-2 Accenture-Commercial-Banking-Trends-2024.pdf.,63,4,0.6080000000000001,2024,pattern_matching,['Missing required context keywords'],Accenture,AI strategy.pdf,2025-07-24T17:20:01.210138
64.0,number,ai_implementation_count,unknown,Part 3 Part 2 Part 1 Introduction Conclusion 64,63,5,0.44799999999999995,2024,pattern_matching,['Missing required context keywords'],Part,AI strategy.pdf,2025-07-24T17:20:01.210138
2024.0,number,ai_implementation_count,information_communication_technology,"Information and views expressed in this document, including URL and ot",64,1,0.6080000000000001,2024,pattern_matching,['Missing required context keywords'],Information,AI strategy.pdf,2025-07-24T17:20:01.210139
90.0,number,ai_implementation_count,financial_services,"Our research professionals, analysts, and scientists have built unique multi- specialist capabilities",64,4,0.6080000000000001,2024,pattern_matching,['Missing required context keywords'],,AI strategy.pdf,2025-07-24T17:20:01.210140
18.0,number,ai_implementation_count,financial_services,"Our research professionals, analysts, and scientists have built unique multi- specialist capabilities that provide true understanding and",64,4,0.6080000000000001,2024,pattern_matching,['Missing required context keywords'],,AI strategy.pdf,2025-07-24T17:20:01.210140
0.0,number,ai_implementation_count,financial_services,"Our research professionals, analysts, and scientists have built unique multi- specialist capabilities that provide true understanding and pow",64,4,0.6080000000000001,2024,pattern_matching,['Missing required context keywords'],,AI strategy.pdf,2025-07-24T17:20:01.210141
5.0,number,ai_patents_filed,financial_services,"We serve more than 5,000 clients across the world with 75 business solutions. ISIN code FR0000073298, Reuters ISOS.PA, Bloomberg IPS:FP https:  www.ipsos.",64,4,0.76,2024,pattern_matching,[],Reuters,AI strategy.pdf,2025-07-24T17:20:01.210142
0.0,number,ai_patents_filed,financial_services,"We serve more than 5,000 clients across the world with 75 business solutions. ISIN code FR0000073298, Reuters ISOS.PA, Bloomberg IPS:FP https:  www.ipsos.",64,4,0.76,2024,pattern_matching,[],Reuters,AI strategy.pdf,2025-07-24T17:20:01.210142
75.0,number,ai_patents_filed,financial_services,"We serve more than 5,000 clients across the world with 75 business solutions. ISIN code FR0000073298, Reuters ISOS.PA, Bloomberg IPS:FP https:  www.ipsos.",64,4,0.76,2024,pattern_matching,[],Reuters,AI strategy.pdf,2025-07-24T17:20:01.210143
