area_fips,own_code,industry_code,agglvl_code,size_code,year,qtr,disclosure_code,area_title,own_title,industry_title,agglvl_title,size_title,annual_avg_estabs_count,annual_avg_emplvl,total_annual_wages,taxable_annual_wages,annual_contributions,annual_avg_wkly_wage,avg_annual_pay,lq_disclosure_code,lq_annual_avg_estabs_count,lq_annual_avg_emplvl,lq_total_annual_wages,lq_taxable_annual_wages,lq_annual_contributions,lq_annual_avg_wkly_wage,lq_avg_annual_pay,oty_disclosure_code,oty_annual_avg_estabs_count_chg,oty_annual_avg_estabs_count_pct_chg,oty_annual_avg_emplvl_chg,oty_annual_avg_emplvl_pct_chg,oty_total_annual_wages_chg,oty_total_annual_wages_pct_chg,oty_taxable_annual_wages_chg,oty_taxable_annual_wages_pct_chg,oty_annual_contributions_chg,oty_annual_contributions_pct_chg,oty_annual_avg_wkly_wage_chg,oty_annual_avg_wkly_wage_pct_chg,oty_avg_annual_pay_chg,oty_avg_annual_pay_pct_chg,msa_name
C4186,5,5182,46,0,2004,A,N,"San Francisco-Oakland-Hayward, CA MSA",Private,"Data processing, hosting and related services","MSA, NAICS 4-digit -- by ownership sector",All establishment sizes,183,0,0,0,0,0,0,N,0.81,0.0,0.0,0.0,0.0,0.0,0.0,N,-18,-9.0,0,0.0,0,0.0,0,0.0,0,0.0,0,0.0,0,0.0,"San Francisco-Oakland-Fremont, CA"
C4186,5,5415,46,0,2004,A,,"San Francisco-Oakland-Hayward, CA MSA",Private,Computer systems design and related services,"MSA, NAICS 4-digit -- by ownership sector",All establishment sizes,3753,37455,3874274448,358902054,19546073,1989,103439,,1.41,2.16,2.03,2.01,1.85,0.94,0.94,,-265,-6.6,1851,5.2,492166436,14.6,21487644,6.4,6540521,50.3,162,8.9,8448,8.9,"San Francisco-Oakland-Fremont, CA"
C4266,5,5182,46,0,2004,A,N,"Seattle-Tacoma-Bellevue, WA MSA",Private,"Data processing, hosting and related services","MSA, NAICS 4-digit -- by ownership sector",All establishment sizes,130,0,0,0,0,0,0,N,0.78,0.0,0.0,0.0,0.0,0.0,0.0,N,130,100.0,0,0.0,0,0.0,0,0.0,0,0.0,0,0.0,0,0.0,"Seattle-Tacoma-Bellevue, WA"
C4266,5,5415,46,0,2004,A,,"Seattle-Tacoma-Bellevue, WA MSA",Private,Computer systems design and related services,"MSA, NAICS 4-digit -- by ownership sector",All establishment sizes,1768,16068,1320227559,580353303,19141753,1580,82163,,0.9,1.17,1.08,1.41,1.27,0.92,0.92,,-133,-7.0,1017,6.8,143997443,12.2,63833936,12.4,5032237,35.7,77,5.1,4015,5.1,"Seattle-Tacoma-Bellevue, WA"
C1446,5,5182,46,0,2004,A,N,"Boston-Cambridge-Newton, MA-NH MSA",Private,"Data processing, hosting and related services","MSA, NAICS 4-digit -- by ownership sector",All establishment sizes,231,0,0,0,0,0,0,N,1.11,0.0,0.0,0.0,0.0,0.0,0.0,N,231,100.0,0,0.0,0,0.0,0,0.0,0,0.0,0,0.0,0,0.0,"Boston-Cambridge-Newton, MA-NH"
C1446,5,5415,46,0,2004,A,,"Boston-Cambridge-Newton, MA-NH MSA",Private,Computer systems design and related services,"MSA, NAICS 4-digit -- by ownership sector",All establishment sizes,3985,37637,3711615604,646491900,42959006,1896,98615,,1.63,1.86,1.75,1.73,2.31,0.94,0.94,,129,3.3,-144,-0.4,210887981,6.0,128766172,24.9,22337731,108.3,114,6.4,5957,6.4,"Boston-Cambridge-Newton, MA-NH"
C1242,5,5182,46,0,2004,A,N,"Austin-Round Rock, TX MSA",Private,"Data processing, hosting and related services","MSA, NAICS 4-digit -- by ownership sector",All establishment sizes,107,0,0,0,0,0,0,N,2.1,0.0,0.0,0.0,0.0,0.0,0.0,N,107,100.0,0,0.0,0,0.0,0,0.0,0,0.0,0,0.0,0,0.0,"Austin-Round Rock, TX"
C1242,5,5415,46,0,2004,A,,"Austin-Round Rock, TX MSA",Private,Computer systems design and related services,"MSA, NAICS 4-digit -- by ownership sector",All establishment sizes,1058,10175,826356280,120833391,5069864,1562,81214,,1.77,1.76,1.72,1.74,2.15,0.98,0.98,N,1058,100.0,0,0.0,0,0.0,0,0.0,0,0.0,0,0.0,0,0.0,"Austin-Round Rock, TX"
C4186,5,5182,46,0,2005,A,,"San Francisco-Oakland-Hayward, CA MSA",Private,"Data processing, hosting and related services","MSA, NAICS 4-digit -- by ownership sector",All establishment sizes,185,3924,377261482,34397471,1880915,1849,96146,,0.85,0.99,1.02,0.88,0.9,1.04,1.04,N,2,1.1,0,0.0,0,0.0,0,0.0,0,0.0,0,0.0,0,0.0,"San Francisco-Oakland-Fremont, CA"
C4186,5,5415,46,0,2005,A,,"San Francisco-Oakland-Hayward, CA MSA",Private,Computer systems design and related services,"MSA, NAICS 4-digit -- by ownership sector",All establishment sizes,3614,41152,4583574728,392642734,20940474,2142,111381,,1.37,2.29,2.2,2.05,1.85,0.96,0.96,,-139,-3.7,3697,9.9,709300280,18.3,33740680,9.4,1394401,7.1,153,7.7,7942,7.7,"San Francisco-Oakland-Fremont, CA"
C4266,5,5182,46,0,2005,A,N,"Seattle-Tacoma-Bellevue, WA MSA",Private,"Data processing, hosting and related services","MSA, NAICS 4-digit -- by ownership sector",All establishment sizes,198,0,0,0,0,0,0,N,1.24,0.0,0.0,0.0,0.0,0.0,0.0,N,68,52.3,0,0.0,0,0.0,0,0.0,0,0.0,0,0.0,0,0.0,"Seattle-Tacoma-Bellevue, WA"
C4266,5,5415,46,0,2005,A,,"Seattle-Tacoma-Bellevue, WA MSA",Private,Computer systems design and related services,"MSA, NAICS 4-digit -- by ownership sector",All establishment sizes,1788,17130,1461646273,631334073,22318899,1641,85328,,0.92,1.18,1.09,1.41,1.38,0.93,0.93,,20,1.1,1062,6.6,141418714,10.7,50980770,8.8,3177146,16.6,61,3.9,3165,3.9,"Seattle-Tacoma-Bellevue, WA"
C1446,5,5182,46,0,2005,A,N,"Boston-Cambridge-Newton, MA-NH MSA",Private,"Data processing, hosting and related services","MSA, NAICS 4-digit -- by ownership sector",All establishment sizes,221,0,0,0,0,0,0,N,1.08,0.0,0.0,0.0,0.0,0.0,0.0,N,-10,-4.3,0,0.0,0,0.0,0,0.0,0,0.0,0,0.0,0,0.0,"Boston-Cambridge-Newton, MA-NH"
C1446,5,5415,46,0,2005,A,,"Boston-Cambridge-Newton, MA-NH MSA",Private,Computer systems design and related services,"MSA, NAICS 4-digit -- by ownership sector",All establishment sizes,3990,38957,3940773306,673754559,42621544,1945,101158,,1.6,1.85,1.75,1.72,2.09,0.95,0.95,,5,0.1,1320,3.5,229157702,6.2,27262659,4.2,-337462,-0.8,49,2.6,2543,2.6,"Boston-Cambridge-Newton, MA-NH"
C1242,5,5182,46,0,2005,A,N,"Austin-Round Rock, TX MSA",Private,"Data processing, hosting and related services","MSA, NAICS 4-digit -- by ownership sector",All establishment sizes,111,0,0,0,0,0,0,N,2.16,0.0,0.0,0.0,0.0,0.0,0.0,N,4,3.7,0,0.0,0,0.0,0,0.0,0,0.0,0,0.0,0,0.0,"Austin-Round Rock, TX"
C1242,5,5415,46,0,2005,A,N,"Austin-Round Rock, TX MSA",Private,Computer systems design and related services,"MSA, NAICS 4-digit -- by ownership sector",All establishment sizes,1120,0,0,0,0,0,0,N,1.79,0.0,0.0,0.0,0.0,0.0,0.0,N,62,5.9,0,0.0,0,0.0,0,0.0,0,0.0,0,0.0,0,0.0,"Austin-Round Rock, TX"
C4186,5,5182,46,0,2006,A,,"San Francisco-Oakland-Hayward, CA MSA",Private,"Data processing, hosting and related services","MSA, NAICS 4-digit -- by ownership sector",All establishment sizes,179,3795,387044182,33670922,1833797,1962,101999,,0.79,0.95,1.0,0.84,0.91,1.04,1.04,,-6,-3.2,-129,-3.3,9782700,2.6,-726549,-2.1,-47118,-2.5,113,6.1,5853,6.1,"San Francisco-Oakland-Fremont, CA"
C4186,5,5415,46,0,2006,A,,"San Francisco-Oakland-Hayward, CA MSA",Private,Computer systems design and related services,"MSA, NAICS 4-digit -- by ownership sector",All establishment sizes,3903,43877,4955491767,437111236,22402695,2172,112942,,1.38,2.29,2.13,2.12,1.99,0.93,0.93,,289,8.0,2725,6.6,371917039,8.1,44468502,11.3,1462221,7.0,30,1.4,1561,1.4,"San Francisco-Oakland-Fremont, CA"
C4266,5,5182,46,0,2006,A,N,"Seattle-Tacoma-Bellevue, WA MSA",Private,"Data processing, hosting and related services","MSA, NAICS 4-digit -- by ownership sector",All establishment sizes,235,0,0,0,0,0,0,N,1.45,0.0,0.0,0.0,0.0,0.0,0.0,N,37,18.7,0,0.0,0,0.0,0,0.0,0,0.0,0,0.0,0,0.0,"Seattle-Tacoma-Bellevue, WA"
C4266,5,5415,46,0,2006,A,,"Seattle-Tacoma-Bellevue, WA MSA",Private,Computer systems design and related services,"MSA, NAICS 4-digit -- by ownership sector",All establishment sizes,1967,20194,1723318370,745105996,21384346,1641,85339,,0.97,1.29,1.12,1.49,1.44,0.87,0.87,,179,10.0,3064,17.9,261672097,17.9,113771923,18.0,-934553,-4.2,0,0.0,11,0.0,"Seattle-Tacoma-Bellevue, WA"
C1446,5,5182,46,0,2006,A,N,"Boston-Cambridge-Newton, MA-NH MSA",Private,"Data processing, hosting and related services","MSA, NAICS 4-digit -- by ownership sector",All establishment sizes,211,0,0,0,0,0,0,N,1.06,0.0,0.0,0.0,0.0,0.0,0.0,N,-10,-4.5,0,0.0,0,0.0,0,0.0,0,0.0,0,0.0,0,0.0,"Boston-Cambridge-Newton, MA-NH"
C1446,5,5415,46,0,2006,A,,"Boston-Cambridge-Newton, MA-NH MSA",Private,Computer systems design and related services,"MSA, NAICS 4-digit -- by ownership sector",All establishment sizes,3605,41425,4806370830,720756100,39504383,2231,116026,,1.44,1.85,1.91,1.72,2.03,1.03,1.03,,-385,-9.6,2468,6.3,865597524,22.0,47001541,7.0,-3117161,-7.3,286,14.7,14868,14.7,"Boston-Cambridge-Newton, MA-NH"
C1242,5,5182,46,0,2006,A,N,"Austin-Round Rock, TX MSA",Private,"Data processing, hosting and related services","MSA, NAICS 4-digit -- by ownership sector",All establishment sizes,118,0,0,0,0,0,0,N,2.19,0.0,0.0,0.0,0.0,0.0,0.0,N,7,6.3,0,0.0,0,0.0,0,0.0,0,0.0,0,0.0,0,0.0,"Austin-Round Rock, TX"
C1242,5,5415,46,0,2006,A,,"Austin-Round Rock, TX MSA",Private,Computer systems design and related services,"MSA, NAICS 4-digit -- by ownership sector",All establishment sizes,1193,11948,1145801722,149368623,5734871,1844,95900,,1.77,1.75,1.85,1.79,2.45,1.06,1.06,N,73,6.5,0,0.0,0,0.0,0,0.0,0,0.0,0,0.0,0,0.0,"Austin-Round Rock, TX"
C4186,5,5182,46,0,2007,A,,"San Francisco-Oakland-Hayward, CA MSA",Private,"Data processing, hosting and related services","MSA, NAICS 4-digit -- by ownership sector",All establishment sizes,188,3816,418084813,32359830,1735711,2107,109571,,0.8,0.94,0.96,0.77,0.89,1.03,1.03,,9,5.0,21,0.6,31040631,8.0,-1311092,-3.9,-98086,-5.3,145,7.4,7572,7.4,"San Francisco-Oakland-Fremont, CA"
C4186,5,5415,46,0,2007,A,,"San Francisco-Oakland-Hayward, CA MSA",Private,Computer systems design and related services,"MSA, NAICS 4-digit -- by ownership sector",All establishment sizes,3770,47670,5562086304,464375035,21930203,2244,116679,,1.27,2.32,2.12,2.06,1.99,0.91,0.91,,-133,-3.4,3793,8.6,606594537,12.2,27263799,6.2,-472492,-2.1,72,3.3,3737,3.3,"San Francisco-Oakland-Fremont, CA"
C4266,5,5182,46,0,2007,A,N,"Seattle-Tacoma-Bellevue, WA MSA",Private,"Data processing, hosting and related services","MSA, NAICS 4-digit -- by ownership sector",All establishment sizes,245,0,0,0,0,0,0,N,1.42,0.0,0.0,0.0,0.0,0.0,0.0,N,10,4.3,0,0.0,0,0.0,0,0.0,0,0.0,0,0.0,0,0.0,"Seattle-Tacoma-Bellevue, WA"
C4266,5,5415,46,0,2007,A,,"Seattle-Tacoma-Bellevue, WA MSA",Private,Computer systems design and related services,"MSA, NAICS 4-digit -- by ownership sector",All establishment sizes,2283,23958,2449308878,901004169,20516234,1966,102233,,1.05,1.39,1.39,1.61,1.57,1.0,1.0,,316,16.1,3764,18.6,725990508,42.1,155898173,20.9,-868112,-4.1,325,19.8,16894,19.8,"Seattle-Tacoma-Bellevue, WA"
C1446,5,5182,46,0,2007,A,,"Boston-Cambridge-Newton, MA-NH MSA",Private,"Data processing, hosting and related services","MSA, NAICS 4-digit -- by ownership sector",All establishment sizes,216,7134,609020169,114901292,5697165,1642,85369,,1.03,1.5,1.29,1.37,1.75,0.87,0.87,N,5,2.4,0,0.0,0,0.0,0,0.0,0,0.0,0,0.0,0,0.0,"Boston-Cambridge-Newton, MA-NH"
C1446,5,5415,46,0,2007,A,,"Boston-Cambridge-Newton, MA-NH MSA",Private,Computer systems design and related services,"MSA, NAICS 4-digit -- by ownership sector",All establishment sizes,3748,44883,5279264894,773501031,36515193,2262,117624,,1.41,1.86,1.85,1.72,1.98,1.0,0.99,,143,4.0,3458,8.3,472894064,9.8,52744931,7.3,-2989190,-7.6,31,1.4,1598,1.4,"Boston-Cambridge-Newton, MA-NH"
C1242,5,5182,46,0,2007,A,,"Austin-Round Rock, TX MSA",Private,"Data processing, hosting and related services","MSA, NAICS 4-digit -- by ownership sector",All establishment sizes,130,1564,117962335,20057207,802708,1450,75411,,2.13,1.04,1.02,1.14,2.18,0.98,0.98,N,12,10.2,0,0.0,0,0.0,0,0.0,0,0.0,0,0.0,0,0.0,"Austin-Round Rock, TX"
C1242,5,5415,46,0,2007,A,N,"Austin-Round Rock, TX MSA",Private,Computer systems design and related services,"MSA, NAICS 4-digit -- by ownership sector",All establishment sizes,1487,0,0,0,0,0,0,N,1.93,0.0,0.0,0.0,0.0,0.0,0.0,N,294,24.6,0,0.0,0,0.0,0,0.0,0,0.0,0,0.0,0,0.0,"Austin-Round Rock, TX"
C4186,5,5182,46,0,2008,A,,"San Francisco-Oakland-Hayward, CA MSA",Private,"Data processing, hosting and related services","MSA, NAICS 4-digit -- by ownership sector",All establishment sizes,197,3518,416490653,32424245,1730037,2277,118394,,0.77,0.89,0.99,0.81,1.01,1.12,1.12,,9,4.8,-298,-7.8,-1594160,-0.4,64415,0.2,-5674,-0.3,170,8.1,8823,8.1,"San Francisco-Oakland-Fremont, CA"
C4186,5,5415,46,0,2008,A,,"San Francisco-Oakland-Hayward, CA MSA",Private,Computer systems design and related services,"MSA, NAICS 4-digit -- by ownership sector",All establishment sizes,3749,50901,5988699068,485077471,22993590,2263,117655,,1.13,2.32,2.15,2.08,2.18,0.93,0.93,,-21,-0.6,3231,6.8,426612764,7.7,20702436,4.5,1063387,4.8,19,0.8,976,0.8,"San Francisco-Oakland-Fremont, CA"
C4266,5,5182,46,0,2008,A,N,"Seattle-Tacoma-Bellevue, WA MSA",Private,"Data processing, hosting and related services","MSA, NAICS 4-digit -- by ownership sector",All establishment sizes,249,0,0,0,0,0,0,N,1.41,0.0,0.0,0.0,0.0,0.0,0.0,N,4,1.6,0,0.0,0,0.0,0,0.0,0,0.0,0,0.0,0,0.0,"Seattle-Tacoma-Bellevue, WA"
C4266,5,5415,46,0,2008,A,,"Seattle-Tacoma-Bellevue, WA MSA",Private,Computer systems design and related services,"MSA, NAICS 4-digit -- by ownership sector",All establishment sizes,2643,26783,2426418595,1086995983,19370651,1742,90594,,1.16,1.46,1.26,1.72,1.71,0.87,0.87,,360,15.8,2825,11.8,-22890283,-0.9,185991814,20.6,-1145583,-5.6,-224,-11.4,-11639,-11.4,"Seattle-Tacoma-Bellevue, WA"
C1446,5,5182,46,0,2008,A,N,"Boston-Cambridge-Newton, MA-NH MSA",Private,"Data processing, hosting and related services","MSA, NAICS 4-digit -- by ownership sector",All establishment sizes,243,0,0,0,0,0,0,N,1.13,0.0,0.0,0.0,0.0,0.0,0.0,N,27,12.5,0,0.0,0,0.0,0,0.0,0,0.0,0,0.0,0,0.0,"Boston-Cambridge-Newton, MA-NH"
C1446,5,5415,46,0,2008,A,,"Boston-Cambridge-Newton, MA-NH MSA",Private,Computer systems design and related services,"MSA, NAICS 4-digit -- by ownership sector",All establishment sizes,3877,48001,5588644923,824678933,35214530,2239,116427,,1.39,1.87,1.83,1.73,2.02,0.98,0.98,,129,3.4,3118,6.9,309380029,5.9,51177902,6.6,-1300663,-3.6,-23,-1.0,-1197,-1.0,"Boston-Cambridge-Newton, MA-NH"
C1242,5,5182,46,0,2008,A,,"Austin-Round Rock, TX MSA",Private,"Data processing, hosting and related services","MSA, NAICS 4-digit -- by ownership sector",All establishment sizes,147,1326,96977376,15712714,328128,1407,73140,,2.35,0.89,0.85,0.91,1.58,0.95,0.95,,17,13.1,-238,-15.2,-20984959,-17.8,-4344493,-21.7,-474580,-59.1,-43,-3.0,-2271,-3.0,"Austin-Round Rock, TX"
C1242,5,5415,46,0,2008,A,N,"Austin-Round Rock, TX MSA",Private,Computer systems design and related services,"MSA, NAICS 4-digit -- by ownership sector",All establishment sizes,1598,0,0,0,0,0,0,N,1.97,0.0,0.0,0.0,0.0,0.0,0.0,N,111,7.5,0,0.0,0,0.0,0,0.0,0,0.0,0,0.0,0,0.0,"Austin-Round Rock, TX"
C4186,5,5182,46,0,2009,A,,"San Francisco-Oakland-Hayward, CA MSA",Private,"Data processing, hosting and related services","MSA, NAICS 4-digit -- by ownership sector",All establishment sizes,189,3190,408241433,28350820,1528602,2461,127962,,0.72,0.86,1.0,0.75,0.93,1.17,1.17,,-8,-4.1,-328,-9.3,-8249220,-2.0,-4073425,-12.6,-201435,-11.6,184,8.1,9568,8.1,"San Francisco-Oakland-Fremont, CA"
C4186,5,5415,46,0,2009,A,,"San Francisco-Oakland-Hayward, CA MSA",Private,Computer systems design and related services,"MSA, NAICS 4-digit -- by ownership sector",All establishment sizes,3869,49629,5885307673,494438340,23693161,2281,118587,,1.11,2.33,2.17,2.24,2.38,0.93,0.93,,120,3.2,-1272,-2.5,-103391395,-1.7,9360869,1.9,699571,3.0,18,0.8,932,0.8,"San Francisco-Oakland-Fremont, CA"
C4266,5,5182,46,0,2009,A,,"Seattle-Tacoma-Bellevue, WA MSA",Private,"Data processing, hosting and related services","MSA, NAICS 4-digit -- by ownership sector",All establishment sizes,254,3102,218738297,108908910,1717144,1356,70525,,1.4,0.99,0.76,1.02,1.16,0.77,0.77,N,5,2.0,0,0.0,0,0.0,0,0.0,0,0.0,0,0.0,0,0.0,"Seattle-Tacoma-Bellevue, WA"
C4266,5,5415,46,0,2009,A,,"Seattle-Tacoma-Bellevue, WA MSA",Private,Computer systems design and related services,"MSA, NAICS 4-digit -- by ownership sector",All establishment sizes,2894,25905,2345375690,1063425579,16494077,1741,90539,,1.2,1.44,1.22,1.69,1.83,0.85,0.85,,251,9.5,-878,-3.3,-81042905,-3.3,-23570404,-2.2,-2876574,-14.9,-1,-0.1,-55,-0.1,"Seattle-Tacoma-Bellevue, WA"
C1446,5,5182,46,0,2009,A,,"Boston-Cambridge-Newton, MA-NH MSA",Private,"Data processing, hosting and related services","MSA, NAICS 4-digit -- by ownership sector",All establishment sizes,245,6473,611837205,100603830,5065191,1818,94517,,1.12,1.46,1.36,1.26,1.69,0.93,0.93,N,2,0.8,0,0.0,0,0.0,0,0.0,0,0.0,0,0.0,0,0.0,"Boston-Cambridge-Newton, MA-NH"
C1446,5,5415,46,0,2009,A,,"Boston-Cambridge-Newton, MA-NH MSA",Private,Computer systems design and related services,"MSA, NAICS 4-digit -- by ownership sector",All establishment sizes,3889,48799,5784979485,810844547,37663138,2280,118547,,1.34,1.92,1.92,1.74,2.08,1.0,1.0,,12,0.3,798,1.7,196334562,3.5,-13834386,-1.7,2448608,7.0,41,1.8,2120,1.8,"Boston-Cambridge-Newton, MA-NH"
C1242,5,5182,46,0,2009,A,N,"Austin-Round Rock, TX MSA",Private,"Data processing, hosting and related services","MSA, NAICS 4-digit -- by ownership sector",All establishment sizes,142,0,0,0,0,0,0,N,2.2,0.0,0.0,0.0,0.0,0.0,0.0,N,-5,-3.4,0,0.0,0,0.0,0,0.0,0,0.0,0,0.0,0,0.0,"Austin-Round Rock, TX"
C1242,5,5415,46,0,2009,A,N,"Austin-Round Rock, TX MSA",Private,Computer systems design and related services,"MSA, NAICS 4-digit -- by ownership sector",All establishment sizes,1641,0,0,0,0,0,0,N,1.91,0.0,0.0,0.0,0.0,0.0,0.0,N,43,2.7,0,0.0,0,0.0,0,0.0,0,0.0,0,0.0,0,0.0,"Austin-Round Rock, TX"
C4186,5,5182,46,0,2010,A,,"San Francisco-Oakland-Hayward, CA MSA",Private,"Data processing, hosting and related services","MSA, NAICS 4-digit -- by ownership sector",All establishment sizes,193,3207,402979722,29607711,1693269,2417,125676,,0.7,0.89,0.98,0.78,0.83,1.1,1.1,,4,2.1,17,0.5,-5261711,-1.3,1256891,4.4,164667,10.8,-44,-1.8,-2286,-1.8,"San Francisco-Oakland-Fremont, CA"
C4186,5,5415,46,0,2010,A,,"San Francisco-Oakland-Hayward, CA MSA",Private,Computer systems design and related services,"MSA, NAICS 4-digit -- by ownership sector",All establishment sizes,3760,52396,6811882912,519284443,28225193,2500,130007,,1.03,2.43,2.38,2.26,2.33,0.98,0.98,,-109,-2.8,2767,5.6,926575239,15.7,24846103,5.0,4532032,19.1,219,9.6,11420,9.6,"San Francisco-Oakland-Fremont, CA"
C4266,5,5182,46,0,2010,A,,"Seattle-Tacoma-Bellevue, WA MSA",Private,"Data processing, hosting and related services","MSA, NAICS 4-digit -- by ownership sector",All establishment sizes,266,3273,234267640,119385684,2908205,1377,71579,,1.37,1.07,0.8,1.09,1.11,0.75,0.75,,12,4.7,171,5.5,15529343,7.1,10476774,9.6,1191061,69.4,21,1.5,1054,1.5,"Seattle-Tacoma-Bellevue, WA"
C4266,5,5415,46,0,2010,A,,"Seattle-Tacoma-Bellevue, WA MSA",Private,Computer systems design and related services,"MSA, NAICS 4-digit -- by ownership sector",All establishment sizes,3105,28243,2730123971,1203087685,29162916,1859,96664,,1.2,1.54,1.34,1.83,1.88,0.87,0.87,,211,7.3,2338,9.0,384748281,16.4,139662106,13.1,12668839,76.8,118,6.8,6125,6.8,"Seattle-Tacoma-Bellevue, WA"
C1446,5,5182,46,0,2010,A,N,"Boston-Cambridge-Newton, MA-NH MSA",Private,"Data processing, hosting and related services","MSA, NAICS 4-digit -- by ownership sector",All establishment sizes,248,0,0,0,0,0,0,N,1.07,0.0,0.0,0.0,0.0,0.0,0.0,N,3,1.2,0,0.0,0,0.0,0,0.0,0,0.0,0,0.0,0,0.0,"Boston-Cambridge-Newton, MA-NH"
C1446,5,5415,46,0,2010,A,,"Boston-Cambridge-Newton, MA-NH MSA",Private,Computer systems design and related services,"MSA, NAICS 4-digit -- by ownership sector",All establishment sizes,4058,48810,6420597683,855760924,45895634,2530,131542,,1.32,1.85,1.97,1.7,2.06,1.06,1.06,,169,4.3,11,0.0,635618198,11.0,44916377,5.5,8232496,21.9,250,11.0,12995,11.0,"Boston-Cambridge-Newton, MA-NH"
C1242,5,5182,46,0,2010,A,N,"Austin-Round Rock, TX MSA",Private,"Data processing, hosting and related services","MSA, NAICS 4-digit -- by ownership sector",All establishment sizes,135,0,0,0,0,0,0,N,1.99,0.0,0.0,0.0,0.0,0.0,0.0,N,-7,-4.9,0,0.0,0,0.0,0,0.0,0,0.0,0,0.0,0,0.0,"Austin-Round Rock, TX"
C1242,5,5415,46,0,2010,A,N,"Austin-Round Rock, TX MSA",Private,Computer systems design and related services,"MSA, NAICS 4-digit -- by ownership sector",All establishment sizes,1723,0,0,0,0,0,0,N,1.91,0.0,0.0,0.0,0.0,0.0,0.0,N,82,5.0,0,0.0,0,0.0,0,0.0,0,0.0,0,0.0,0,0.0,"Austin-Round Rock, TX"
C4186,5,5182,46,0,2011,A,N,"San Francisco-Oakland-Hayward, CA MSA",Private,"Data processing, hosting and related services","MSA, NAICS 4-digit -- by ownership sector",All establishment sizes,192,0,0,0,0,0,0,N,0.67,0.0,0.0,0.0,0.0,0.0,0.0,N,-1,-0.5,0,0.0,0,0.0,0,0.0,0,0.0,0,0.0,0,0.0,"San Francisco-Oakland-Fremont, CA"
C4186,5,5415,46,0,2011,A,,"San Francisco-Oakland-Hayward, CA MSA",Private,Computer systems design and related services,"MSA, NAICS 4-digit -- by ownership sector",All establishment sizes,3713,58753,8179824290,560789144,32119112,2677,139224,,0.95,2.55,2.57,2.22,2.24,1.01,1.01,,-47,-1.2,6357,12.1,1367941378,20.1,41504701,8.0,3893919,13.8,177,7.1,9217,7.1,"San Francisco-Oakland-Fremont, CA"
C4266,5,5182,46,0,2011,A,N,"Seattle-Tacoma-Bellevue, WA MSA",Private,"Data processing, hosting and related services","MSA, NAICS 4-digit -- by ownership sector",All establishment sizes,252,0,0,0,0,0,0,N,1.29,0.0,0.0,0.0,0.0,0.0,0.0,N,-14,-5.3,0,0.0,0,0.0,0,0.0,0,0.0,0,0.0,0,0.0,"Seattle-Tacoma-Bellevue, WA"
C4266,5,5415,46,0,2011,A,,"Seattle-Tacoma-Bellevue, WA MSA",Private,Computer systems design and related services,"MSA, NAICS 4-digit -- by ownership sector",All establishment sizes,3130,30056,2938065755,1311200392,30175922,1880,97754,,1.17,1.54,1.29,1.84,1.84,0.84,0.84,,25,0.8,1813,6.4,207941784,7.6,108112707,9.0,1013006,3.5,21,1.1,1090,1.1,"Seattle-Tacoma-Bellevue, WA"
C1446,5,5182,46,0,2011,A,N,"Boston-Cambridge-Newton, MA-NH MSA",Private,"Data processing, hosting and related services","MSA, NAICS 4-digit -- by ownership sector",All establishment sizes,243,0,0,0,0,0,0,N,1.01,0.0,0.0,0.0,0.0,0.0,0.0,N,-5,-2.0,0,0.0,0,0.0,0,0.0,0,0.0,0,0.0,0,0.0,"Boston-Cambridge-Newton, MA-NH"
C1446,5,5415,46,0,2011,A,,"Boston-Cambridge-Newton, MA-NH MSA",Private,Computer systems design and related services,"MSA, NAICS 4-digit -- by ownership sector",All establishment sizes,4358,51798,6781392379,914599007,50883790,2518,130921,,1.33,1.84,1.87,1.69,2.06,1.02,1.02,,300,7.4,2988,6.1,360794696,5.6,58838083,6.9,4988156,10.9,-12,-0.5,-621,-0.5,"Boston-Cambridge-Newton, MA-NH"
C1242,5,5182,46,0,2011,A,N,"Austin-Round Rock, TX MSA",Private,"Data processing, hosting and related services","MSA, NAICS 4-digit -- by ownership sector",All establishment sizes,139,0,0,0,0,0,0,N,1.96,0.0,0.0,0.0,0.0,0.0,0.0,N,4,3.0,0,0.0,0,0.0,0,0.0,0,0.0,0,0.0,0,0.0,"Austin-Round Rock, TX"
C1242,5,5415,46,0,2011,A,N,"Austin-Round Rock, TX MSA",Private,Computer systems design and related services,"MSA, NAICS 4-digit -- by ownership sector",All establishment sizes,1867,0,0,0,0,0,0,N,1.93,0.0,0.0,0.0,0.0,0.0,0.0,N,144,8.4,0,0.0,0,0.0,0,0.0,0,0.0,0,0.0,0,0.0,"Austin-Round Rock, TX"
C4186,5,5182,46,0,2012,A,N,"San Francisco-Oakland-Hayward, CA MSA",Private,"Data processing, hosting and related services","MSA, NAICS 4-digit -- by ownership sector",All establishment sizes,215,0,0,0,0,0,0,N,0.77,0.0,0.0,0.0,0.0,0.0,0.0,N,23,12.0,0,0.0,0,0.0,0,0.0,0,0.0,0,0.0,0,0.0,"San Francisco-Oakland-Fremont, CA"
C4186,5,5415,46,0,2012,A,,"San Francisco-Oakland-Hayward, CA MSA",Private,Computer systems design and related services,"MSA, NAICS 4-digit -- by ownership sector",All establishment sizes,3985,70031,17260351847,665806940,36040348,4740,246468,,0.99,2.82,4.43,2.47,2.44,1.57,1.57,,272,7.3,11278,19.2,9080527557,111.0,105017796,18.7,3921236,12.2,2063,77.1,107244,77.0,"San Francisco-Oakland-Fremont, CA"
C4266,5,5182,46,0,2012,A,,"Seattle-Tacoma-Bellevue, WA MSA",Private,"Data processing, hosting and related services","MSA, NAICS 4-digit -- by ownership sector",All establishment sizes,224,3835,284049339,143154706,2426297,1424,74061,,1.12,1.18,0.84,1.22,1.16,0.71,0.71,N,-28,-11.1,0,0.0,0,0.0,0,0.0,0,0.0,0,0.0,0,0.0,"Seattle-Tacoma-Bellevue, WA"
C4266,5,5415,46,0,2012,A,,"Seattle-Tacoma-Bellevue, WA MSA",Private,Computer systems design and related services,"MSA, NAICS 4-digit -- by ownership sector",All establishment sizes,3262,32655,3315023185,1456342799,23958468,1952,101517,,1.14,1.57,1.27,1.89,1.77,0.81,0.81,,132,4.2,2599,8.6,376957430,12.8,145142407,11.1,-6217454,-20.6,72,3.8,3763,3.8,"Seattle-Tacoma-Bellevue, WA"
C1446,5,5182,46,0,2012,A,N,"Boston-Cambridge-Newton, MA-NH MSA",Private,"Data processing, hosting and related services","MSA, NAICS 4-digit -- by ownership sector",All establishment sizes,251,0,0,0,0,0,0,N,1.06,0.0,0.0,0.0,0.0,0.0,0.0,N,8,3.3,0,0.0,0,0.0,0,0.0,0,0.0,0,0.0,0,0.0,"Boston-Cambridge-Newton, MA-NH"
C1446,5,5415,46,0,2012,A,,"Boston-Cambridge-Newton, MA-NH MSA",Private,Computer systems design and related services,"MSA, NAICS 4-digit -- by ownership sector",All establishment sizes,4369,55302,7287224533,979630029,50006956,2534,131772,,1.29,1.87,1.79,1.71,2.03,0.96,0.96,,11,0.3,3504,6.8,505832154,7.5,65031022,7.1,-876834,-1.7,16,0.6,851,0.7,"Boston-Cambridge-Newton, MA-NH"
C1242,5,5182,46,0,2012,A,,"Austin-Round Rock, TX MSA",Private,"Data processing, hosting and related services","MSA, NAICS 4-digit -- by ownership sector",All establishment sizes,115,2157,176465972,25238167,904328,1573,81801,,1.56,1.38,1.26,1.35,1.47,0.91,0.91,N,-24,-17.3,0,0.0,0,0.0,0,0.0,0,0.0,0,0.0,0,0.0,"Austin-Round Rock, TX"
C1242,5,5415,46,0,2012,A,N,"Austin-Round Rock, TX MSA",Private,Computer systems design and related services,"MSA, NAICS 4-digit -- by ownership sector",All establishment sizes,2045,0,0,0,0,0,0,N,1.93,0.0,0.0,0.0,0.0,0.0,0.0,N,178,9.5,0,0.0,0,0.0,0,0.0,0,0.0,0,0.0,0,0.0,"Austin-Round Rock, TX"
C4186,5,5182,46,0,2013,A,,"San Francisco-Oakland-Hayward, CA MSA",Private,"Data processing, hosting and related services","MSA, NAICS 4-digit -- by ownership sector",All establishment sizes,233,4693,764485489,42510506,2268560,3133,162896,,0.8,1.13,1.38,1.0,1.0,1.22,1.22,N,18,8.4,0,0.0,0,0.0,0,0.0,0,0.0,0,0.0,0,0.0,"San Francisco-Oakland-Fremont, CA"
C4186,5,5415,46,0,2013,A,,"San Francisco-Oakland-Hayward, CA MSA",Private,Computer systems design and related services,"MSA, NAICS 4-digit -- by ownership sector",All establishment sizes,4145,75359,10990515192,737175153,37582053,2805,145842,,0.98,2.84,2.71,2.57,2.49,0.95,0.95,,160,4.0,5328,7.6,-6269836655,-36.3,71368213,10.7,1541705,4.3,-1935,-40.8,-100626,-40.8,"San Francisco-Oakland-Fremont, CA"
C4266,5,5182,46,0,2013,A,,"Seattle-Tacoma-Bellevue, WA MSA",Private,"Data processing, hosting and related services","MSA, NAICS 4-digit -- by ownership sector",All establishment sizes,226,3974,311014437,157476395,2642186,1505,78261,,1.05,1.16,0.84,1.26,1.15,0.73,0.73,,2,0.9,139,3.6,26965098,9.5,14321689,10.0,215889,8.9,81,5.7,4200,5.7,"Seattle-Tacoma-Bellevue, WA"
C4266,5,5415,46,0,2013,A,,"Seattle-Tacoma-Bellevue, WA MSA",Private,Computer systems design and related services,"MSA, NAICS 4-digit -- by ownership sector",All establishment sizes,3684,35131,3692711479,1609463565,25715336,2021,105112,,1.17,1.6,1.36,1.9,1.7,0.85,0.85,,422,12.9,2476,7.6,377688294,11.4,153120766,10.5,1756868,7.3,69,3.5,3595,3.5,"Seattle-Tacoma-Bellevue, WA"
C1446,5,5182,46,0,2013,A,N,"Boston-Cambridge-Newton, MA-NH MSA",Private,"Data processing, hosting and related services","MSA, NAICS 4-digit -- by ownership sector",All establishment sizes,253,0,0,0,0,0,0,N,1.03,0.0,0.0,0.0,0.0,0.0,0.0,N,2,0.8,0,0.0,0,0.0,0,0.0,0,0.0,0,0.0,0,0.0,"Boston-Cambridge-Newton, MA-NH"
C1446,5,5415,46,0,2013,A,,"Boston-Cambridge-Newton, MA-NH MSA",Private,Computer systems design and related services,"MSA, NAICS 4-digit -- by ownership sector",All establishment sizes,4506,60641,8032890009,1075698965,52850257,2547,132467,,1.26,1.95,1.93,1.78,2.18,0.99,0.99,,137,3.1,5339,9.7,745665476,10.2,96068936,9.8,2843301,5.7,13,0.5,695,0.5,"Boston-Cambridge-Newton, MA-NH"
C1242,5,5182,46,0,2013,A,,"Austin-Round Rock, TX MSA",Private,"Data processing, hosting and related services","MSA, NAICS 4-digit -- by ownership sector",All establishment sizes,123,2564,214531300,32678197,1173678,1609,83679,,1.56,1.53,1.4,1.64,2.03,0.91,0.91,,8,7.0,407,18.9,38065328,21.6,7440030,29.5,269350,29.8,36,2.3,1878,2.3,"Austin-Round Rock, TX"
C1242,5,5415,46,0,2013,A,N,"Austin-Round Rock, TX MSA",Private,Computer systems design and related services,"MSA, NAICS 4-digit -- by ownership sector",All establishment sizes,2192,0,0,0,0,0,0,N,1.91,0.0,0.0,0.0,0.0,0.0,0.0,N,147,7.2,0,0.0,0,0.0,0,0.0,0,0.0,0,0.0,0,0.0,"Austin-Round Rock, TX"
C4186,5,5182,46,0,2014,A,,"San Francisco-Oakland-Hayward, CA MSA",Private,"Data processing, hosting and related services","MSA, NAICS 4-digit -- by ownership sector",All establishment sizes,272,5143,790521173,45721691,2334377,2956,153713,,0.86,1.17,1.27,0.98,0.96,1.08,1.08,,39,16.7,450,9.6,26035684,3.4,3211185,7.6,65817,2.9,-177,-5.6,-9183,-5.6,"San Francisco-Oakland-Fremont, CA"
C4186,5,5415,46,0,2014,A,,"San Francisco-Oakland-Hayward, CA MSA",Private,Computer systems design and related services,"MSA, NAICS 4-digit -- by ownership sector",All establishment sizes,4479,84168,12839805204,857378706,42472654,2934,152549,,0.99,2.98,2.85,2.74,2.64,0.96,0.96,,334,8.1,8809,11.7,1849290012,16.8,120203553,16.3,4890601,13.0,129,4.6,6707,4.6,"San Francisco-Oakland-Fremont, CA"
C4266,5,5182,46,0,2014,A,,"Seattle-Tacoma-Bellevue, WA MSA",Private,"Data processing, hosting and related services","MSA, NAICS 4-digit -- by ownership sector",All establishment sizes,251,4206,413534429,173621470,2427747,1891,98326,,1.11,1.16,0.99,1.29,1.07,0.85,0.85,,25,11.1,232,5.8,102519992,33.0,16145075,10.3,-214439,-8.1,386,25.6,20065,25.6,"Seattle-Tacoma-Bellevue, WA"
C4266,5,5415,46,0,2014,A,,"Seattle-Tacoma-Bellevue, WA MSA",Private,Computer systems design and related services,"MSA, NAICS 4-digit -- by ownership sector",All establishment sizes,4305,38346,4241197268,1818032403,25765163,2127,110604,,1.34,1.64,1.4,2.0,1.73,0.85,0.85,,621,16.9,3215,9.2,548485789,14.9,208568838,13.0,49827,0.2,106,5.2,5492,5.2,"Seattle-Tacoma-Bellevue, WA"
C1446,5,5182,46,0,2014,A,N,"Boston-Cambridge-Newton, MA-NH MSA",Private,"Data processing, hosting and related services","MSA, NAICS 4-digit -- by ownership sector",All establishment sizes,279,0,0,0,0,0,0,N,1.05,0.0,0.0,0.0,0.0,0.0,0.0,N,26,10.3,0,0.0,0,0.0,0,0.0,0,0.0,0,0.0,0,0.0,"Boston-Cambridge-Newton, MA-NH"
C1446,5,5415,46,0,2014,A,,"Boston-Cambridge-Newton, MA-NH MSA",Private,Computer systems design and related services,"MSA, NAICS 4-digit -- by ownership sector",All establishment sizes,4653,63257,8519981641,1121417336,51789506,2590,134688,,1.23,1.94,1.86,1.76,2.17,0.96,0.96,,147,3.3,2616,4.3,487091632,6.1,45718371,4.3,-1060751,-2.0,43,1.7,2221,1.7,"Boston-Cambridge-Newton, MA-NH"
C1242,5,5182,46,0,2014,A,,"Austin-Round Rock, TX MSA",Private,"Data processing, hosting and related services","MSA, NAICS 4-digit -- by ownership sector",All establishment sizes,140,3044,272895294,39604699,1298669,1724,89655,,1.6,1.7,1.56,1.82,2.29,0.92,0.92,,17,13.8,480,18.7,58363994,27.2,6926502,21.2,124991,10.6,115,7.1,5976,7.1,"Austin-Round Rock, TX"
C1242,5,5415,46,0,2014,A,N,"Austin-Round Rock, TX MSA",Private,Computer systems design and related services,"MSA, NAICS 4-digit -- by ownership sector",All establishment sizes,2397,0,0,0,0,0,0,N,1.93,0.0,0.0,0.0,0.0,0.0,0.0,N,205,9.4,0,0.0,0,0.0,0,0.0,0,0.0,0,0.0,0,0.0,"Austin-Round Rock, TX"
C4186,5,5182,46,0,2015,A,,"San Francisco-Oakland-Hayward, CA MSA",Private,"Data processing, hosting and related services","MSA, NAICS 4-digit -- by ownership sector",All establishment sizes,428,8525,1358932600,80567290,3951388,3066,159410,,1.23,1.78,1.86,1.55,1.49,1.04,1.04,,156,57.4,3382,65.8,568411427,71.9,34845599,76.2,1617011,69.3,110,3.7,5697,3.7,"San Francisco-Oakland-Fremont, CA"
C4186,5,5415,46,0,2015,A,,"San Francisco-Oakland-Hayward, CA MSA",Private,Computer systems design and related services,"MSA, NAICS 4-digit -- by ownership sector",All establishment sizes,4501,94705,14902393525,935741958,45040801,3026,157356,,0.94,3.08,2.93,2.7,2.57,0.95,0.95,,22,0.5,10537,12.5,2062588321,16.1,78363252,9.1,2568147,6.0,92,3.1,4807,3.2,"San Francisco-Oakland-Fremont, CA"
C4266,5,5182,46,0,2015,A,,"Seattle-Tacoma-Bellevue, WA MSA",Private,"Data processing, hosting and related services","MSA, NAICS 4-digit -- by ownership sector",All establishment sizes,323,5891,568291578,251767824,3374398,1855,96465,,1.35,1.51,1.18,1.66,1.54,0.78,0.78,,72,28.7,1685,40.1,154757149,37.4,78146354,45.0,946651,39.0,-36,-1.9,-1861,-1.9,"Seattle-Tacoma-Bellevue, WA"
C4266,5,5415,46,0,2015,A,,"Seattle-Tacoma-Bellevue, WA MSA",Private,Computer systems design and related services,"MSA, NAICS 4-digit -- by ownership sector",All establishment sizes,4722,40086,4337429692,1943987486,26686575,2081,108203,,1.44,1.6,1.3,1.91,1.84,0.81,0.81,,417,9.7,1740,4.5,96232424,2.3,125955083,6.9,921412,3.6,-46,-2.2,-2401,-2.2,"Seattle-Tacoma-Bellevue, WA"
C1446,5,5182,46,0,2015,A,N,"Boston-Cambridge-Newton, MA-NH MSA",Private,"Data processing, hosting and related services","MSA, NAICS 4-digit -- by ownership sector",All establishment sizes,300,0,0,0,0,0,0,N,1.03,0.0,0.0,0.0,0.0,0.0,0.0,N,21,7.5,0,0.0,0,0.0,0,0.0,0,0.0,0,0.0,0,0.0,"Boston-Cambridge-Newton, MA-NH"
C1446,5,5415,46,0,2015,A,,"Boston-Cambridge-Newton, MA-NH MSA",Private,Computer systems design and related services,"MSA, NAICS 4-digit -- by ownership sector",All establishment sizes,4818,67188,9325855544,1275786729,39471302,2669,138802,,1.21,1.93,1.84,1.76,2.07,0.95,0.95,,165,3.5,3931,6.2,805873903,9.5,154369393,13.8,-12318204,-23.8,79,3.1,4114,3.1,"Boston-Cambridge-Newton, MA-NH"
C1242,5,5182,46,0,2015,A,N,"Austin-Round Rock, TX MSA",Private,"Data processing, hosting and related services","MSA, NAICS 4-digit -- by ownership sector",All establishment sizes,142,0,0,0,0,0,0,N,1.45,0.0,0.0,0.0,0.0,0.0,0.0,N,2,1.4,0,0.0,0,0.0,0,0.0,0,0.0,0,0.0,0,0.0,"Austin-Round Rock, TX"
C1242,5,5415,46,0,2015,A,N,"Austin-Round Rock, TX MSA",Private,Computer systems design and related services,"MSA, NAICS 4-digit -- by ownership sector",All establishment sizes,2683,0,0,0,0,0,0,N,2.0,0.0,0.0,0.0,0.0,0.0,0.0,N,286,11.9,0,0.0,0,0.0,0,0.0,0,0.0,0,0.0,0,0.0,"Austin-Round Rock, TX"
C4186,5,5182,46,0,2016,A,,"San Francisco-Oakland-Hayward, CA MSA",Private,"NAICS 5182 Data processing, hosting and related services","MSA, NAICS 4-digit -- by ownership sector",All establishment sizes,564,16369,3184506031,154400464,6460727,3741,194540,,1.48,3.32,3.84,2.82,2.48,1.16,1.16,,136,31.8,7844,92.0,1825573431,134.3,73833174,91.6,2509339,63.5,675,22.0,35130,22.0,"San Francisco-Oakland-Fremont, CA"
C4186,5,5415,46,0,2016,A,,"San Francisco-Oakland-Hayward, CA MSA",Private,NAICS 5415 Computer systems design and related services,"MSA, NAICS 4-digit -- by ownership sector",All establishment sizes,4552,96324,15323591680,935145034,42187055,3059,159083,,0.92,2.98,2.74,2.56,2.36,0.92,0.92,,51,1.1,1619,1.7,421198155,2.8,-596924,-0.1,-2853746,-6.3,33,1.1,1727,1.1,"San Francisco-Oakland-Fremont, CA"
C4266,5,5182,46,0,2016,A,,"Seattle-Tacoma-Bellevue, WA MSA",Private,"NAICS 5182 Data processing, hosting and related services","MSA, NAICS 4-digit -- by ownership sector",All establishment sizes,410,7392,845058480,349005745,4243281,2199,114326,,1.57,1.84,1.53,2.09,2.15,0.83,0.83,,87,26.9,1501,25.5,276766902,48.7,97237921,38.6,868883,25.7,344,18.5,17861,18.5,"Seattle-Tacoma-Bellevue, WA"
C4266,5,5415,46,0,2016,A,,"Seattle-Tacoma-Bellevue, WA MSA",Private,NAICS 5415 Computer systems design and related services,"MSA, NAICS 4-digit -- by ownership sector",All establishment sizes,5261,42337,4765967926,2118340072,26048587,2165,112572,,1.56,1.6,1.28,1.9,1.92,0.8,0.8,,539,11.4,2251,5.6,428538234,9.9,174352586,9.0,-637988,-2.4,84,4.0,4369,4.0,"Seattle-Tacoma-Bellevue, WA"
C1446,5,5182,46,0,2016,A,N,"Boston-Cambridge-Newton, MA-NH MSA",Private,"NAICS 5182 Data processing, hosting and related services","MSA, NAICS 4-digit -- by ownership sector",All establishment sizes,326,0,0,0,0,0,0,N,1.01,0.0,0.0,0.0,0.0,0.0,0.0,N,26,8.7,0,0.0,0,0.0,0,0.0,0,0.0,0,0.0,0,0.0,"Boston-Cambridge-Newton, MA-NH"
C1446,5,5415,46,0,2016,A,,"Boston-Cambridge-Newton, MA-NH MSA",Private,NAICS 5415 Computer systems design and related services,"MSA, NAICS 4-digit -- by ownership sector",All establishment sizes,5000,70037,9924078987,1314041495,43055294,2725,141698,,1.19,1.93,1.84,1.75,2.07,0.95,0.95,,182,3.8,2849,4.2,598223443,6.4,38254766,3.0,3583992,9.1,56,2.1,2896,2.1,"Boston-Cambridge-Newton, MA-NH"
C1242,5,5182,46,0,2016,A,N,"Austin-Round Rock, TX MSA",Private,"NAICS 5182 Data processing, hosting and related services","MSA, NAICS 4-digit -- by ownership sector",All establishment sizes,170,0,0,0,0,0,0,N,1.54,0.0,0.0,0.0,0.0,0.0,0.0,N,28,19.7,0,0.0,0,0.0,0,0.0,0,0.0,0,0.0,0,0.0,"Austin-Round Rock, TX"
C1242,5,5415,46,0,2016,A,,"Austin-Round Rock, TX MSA",Private,NAICS 5415 Computer systems design and related services,"MSA, NAICS 4-digit -- by ownership sector",All establishment sizes,2936,32523,3850706127,388831747,10125954,2277,118400,,2.05,2.45,2.49,2.27,2.56,1.02,1.02,N,253,9.4,0,0.0,0,0.0,0,0.0,0,0.0,0,0.0,0,0.0,"Austin-Round Rock, TX"
C4186,5,5182,46,0,2017,A,,"San Francisco-Oakland-Hayward, CA MSA",Private,"NAICS 5182 Data processing, hosting and related services","MSA, NAICS 4-digit -- by ownership sector",All establishment sizes,625,18089,3596121612,185643959,7395260,3823,198798,,1.49,3.5,3.8,3.17,2.83,1.09,1.09,,61,10.8,1720,10.5,411615581,12.9,31243495,20.2,934533,14.5,82,2.2,4258,2.2,"San Francisco-Oakland-Fremont, CA"
C4186,5,5415,46,0,2017,A,,"San Francisco-Oakland-Hayward, CA MSA",Private,NAICS 5415 Computer systems design and related services,"MSA, NAICS 4-digit -- by ownership sector",All establishment sizes,4918,96157,16889518291,980109518,42723829,3378,175646,,0.95,2.85,2.73,2.57,2.37,0.96,0.96,,366,8.0,-167,-0.2,1565926611,10.2,44964484,4.8,536774,1.3,319,10.4,16563,10.4,"San Francisco-Oakland-Fremont, CA"
C4266,5,5182,46,0,2017,A,,"Seattle-Tacoma-Bellevue, WA MSA",Private,"NAICS 5182 Data processing, hosting and related services","MSA, NAICS 4-digit -- by ownership sector",All establishment sizes,492,9804,1173601404,482073532,5077883,2302,119711,,1.75,2.32,1.87,2.65,2.66,0.81,0.81,,82,20.0,2412,32.6,328542924,38.9,133067787,38.1,834602,19.7,103,4.7,5385,4.7,"Seattle-Tacoma-Bellevue, WA"
C4266,5,5415,46,0,2017,A,,"Seattle-Tacoma-Bellevue, WA MSA",Private,NAICS 5415 Computer systems design and related services,"MSA, NAICS 4-digit -- by ownership sector",All establishment sizes,5748,44502,5219689232,2258246283,27735822,2256,117292,,1.66,1.61,1.27,1.9,2.11,0.79,0.79,,487,9.3,2165,5.1,453721306,9.5,139906211,6.6,1687235,6.5,91,4.2,4720,4.2,"Seattle-Tacoma-Bellevue, WA"
C1446,5,5182,46,0,2017,A,N,"Boston-Cambridge-Newton, MA-NH MSA",Private,"NAICS 5182 Data processing, hosting and related services","MSA, NAICS 4-digit -- by ownership sector",All establishment sizes,353,0,0,0,0,0,0,N,0.99,0.0,0.0,0.0,0.0,0.0,0.0,N,27,8.3,0,0.0,0,0.0,0,0.0,0,0.0,0,0.0,0,0.0,"Boston-Cambridge-Newton, MA-NH"
C1446,5,5415,46,0,2017,A,,"Boston-Cambridge-Newton, MA-NH MSA",Private,NAICS 5415 Computer systems design and related services,"MSA, NAICS 4-digit -- by ownership sector",All establishment sizes,5130,74726,11145576492,1392669180,44800778,2868,149152,,1.17,1.99,1.92,1.8,2.08,0.97,0.97,,130,2.6,4689,6.7,1221497505,12.3,78627685,6.0,1745484,4.1,143,5.2,7454,5.3,"Boston-Cambridge-Newton, MA-NH"
C1242,5,5182,46,0,2017,A,,"Austin-Round Rock, TX MSA",Private,"NAICS 5182 Data processing, hosting and related services","MSA, NAICS 4-digit -- by ownership sector",All establishment sizes,181,5406,600566684,61521953,1911402,2136,111087,,1.45,2.52,2.31,2.24,2.88,0.92,0.92,N,11,6.5,0,0.0,0,0.0,0,0.0,0,0.0,0,0.0,0,0.0,"Austin-Round Rock, TX"
C1242,5,5415,46,0,2017,A,,"Austin-Round Rock, TX MSA",Private,NAICS 5415 Computer systems design and related services,"MSA, NAICS 4-digit -- by ownership sector",All establishment sizes,3166,35557,4313870723,419783724,12384142,2333,121323,,2.07,2.54,2.54,2.34,2.71,1.0,1.0,,230,7.8,3034,9.3,463164596,12.0,30951977,8.0,2258188,22.3,56,2.5,2923,2.5,"Austin-Round Rock, TX"
C4186,5,5182,46,0,2018,A,,"San Francisco-Oakland-Hayward, CA MSA",Private,"NAICS 5182 Data processing, hosting and related services","MSA, NAICS 4-digit -- by ownership sector",All establishment sizes,698,22379,6088680187,212035068,8388567,5232,272066,,1.49,4.06,5.28,3.35,2.96,1.3,1.3,,73,11.7,4290,23.7,2492558575,69.3,26391109,14.2,993307,13.4,1409,36.9,73268,36.9,"San Francisco-Oakland-Fremont, CA"
C4186,5,5415,46,0,2018,A,,"San Francisco-Oakland-Hayward, CA MSA",Private,NAICS 5415 Computer systems design and related services,"MSA, NAICS 4-digit -- by ownership sector",All establishment sizes,5773,98405,19258976432,975418214,43307619,3764,195712,,1.06,2.8,2.78,2.46,2.3,0.99,0.99,,855,17.4,2248,2.3,2369458141,14.0,-4691304,-0.5,583790,1.4,386,11.4,20066,11.4,"San Francisco-Oakland-Fremont, CA"
C4266,5,5182,46,0,2018,A,,"Seattle-Tacoma-Bellevue, WA MSA",Private,"NAICS 5182 Data processing, hosting and related services","MSA, NAICS 4-digit -- by ownership sector",All establishment sizes,529,10239,1557456620,544041336,6024181,2925,152109,,1.66,2.25,2.0,2.63,2.74,0.89,0.89,,37,7.5,435,4.4,383855216,32.7,61967804,12.9,946298,18.6,623,27.1,32398,27.1,"Seattle-Tacoma-Bellevue, WA"
C4266,5,5415,46,0,2018,A,,"Seattle-Tacoma-Bellevue, WA MSA",Private,NAICS 5415 Computer systems design and related services,"MSA, NAICS 4-digit -- by ownership sector",All establishment sizes,5877,46772,5997998087,2531579632,28639170,2466,128240,,1.6,1.62,1.28,1.95,1.96,0.79,0.79,,129,2.2,2270,5.1,778308855,14.9,273333349,12.1,903348,3.3,210,9.3,10948,9.3,"Seattle-Tacoma-Bellevue, WA"
C1446,5,5182,46,0,2018,A,N,"Boston-Cambridge-Newton, MA-NH MSA",Private,"NAICS 5182 Data processing, hosting and related services","MSA, NAICS 4-digit -- by ownership sector",All establishment sizes,404,0,0,0,0,0,0,N,1.01,0.0,0.0,0.0,0.0,0.0,0.0,N,51,14.4,0,0.0,0,0.0,0,0.0,0,0.0,0,0.0,0,0.0,"Boston-Cambridge-Newton, MA-NH"
C1446,5,5415,46,0,2018,A,,"Boston-Cambridge-Newton, MA-NH MSA",Private,NAICS 5415 Computer systems design and related services,"MSA, NAICS 4-digit -- by ownership sector",All establishment sizes,5150,76709,11707010093,1442708800,55386410,2935,152617,,1.12,1.97,1.86,1.8,2.12,0.94,0.94,,20,0.4,1983,2.7,561433601,5.0,50039620,3.6,10585632,23.6,67,2.3,3465,2.3,"Boston-Cambridge-Newton, MA-NH"
C1242,5,5182,46,0,2018,A,,"Austin-Round Rock, TX MSA",Private,"NAICS 5182 Data processing, hosting and related services","MSA, NAICS 4-digit -- by ownership sector",All establishment sizes,199,5984,727797900,68456231,1686438,2339,121629,,1.4,2.57,2.31,2.23,2.74,0.9,0.9,,18,9.9,578,10.7,127231216,21.2,6934278,11.3,-224964,-11.8,203,9.5,10542,9.5,"Austin-Round Rock, TX"
C1242,5,5415,46,0,2018,A,,"Austin-Round Rock, TX MSA",Private,NAICS 5415 Computer systems design and related services,"MSA, NAICS 4-digit -- by ownership sector",All establishment sizes,3360,39193,5245488418,465757907,11986860,2574,133836,,2.05,2.64,2.77,2.42,2.93,1.05,1.05,,194,6.1,3636,10.2,931617695,21.6,45974183,11.0,-397282,-3.2,241,10.3,12513,10.3,"Austin-Round Rock, TX"
C4186,5,5182,46,0,2019,A,,"San Francisco-Oakland-Hayward, CA MSA",Private,"NAICS 5182 Data processing, hosting and related services","MSA, NAICS 4-digit -- by ownership sector",All establishment sizes,700,24154,5897925416,222931789,8769731,4696,244184,,1.35,4.23,4.62,3.44,3.13,1.09,1.09,,2,0.3,1775,7.9,-190754771,-3.1,10896721,5.1,381164,4.5,-536,-10.2,-27882,-10.2,"San Francisco-Oakland-Fremont, CA"
C4186,5,5415,46,0,2019,A,,"San Francisco-Oakland-Hayward, CA MSA",Private,NAICS 5415 Computer systems design and related services,"MSA, NAICS 4-digit -- by ownership sector",All establishment sizes,6090,104047,21637393101,1042015310,44211174,3999,207959,,1.08,2.86,2.81,2.55,2.32,0.98,0.98,,317,5.5,5642,5.7,2378416669,12.3,66597096,6.8,903555,2.1,235,6.2,12247,6.3,"San Francisco-Oakland-Fremont, CA"
C4266,5,5182,46,0,2019,A,,"Seattle-Tacoma-Bellevue, WA MSA",Private,"NAICS 5182 Data processing, hosting and related services","MSA, NAICS 4-digit -- by ownership sector",All establishment sizes,575,11818,2170590450,663748058,6248064,3532,183675,,1.63,2.49,2.51,2.92,2.95,1.01,1.01,,46,8.7,1579,15.4,613133830,39.4,119706722,22.0,223883,3.7,607,20.8,31566,20.8,"Seattle-Tacoma-Bellevue, WA"
C4266,5,5415,46,0,2019,A,,"Seattle-Tacoma-Bellevue, WA MSA",Private,NAICS 5415 Computer systems design and related services,"MSA, NAICS 4-digit -- by ownership sector",All establishment sizes,6020,48550,6563298480,2736233927,30588264,2600,135187,,1.58,1.61,1.26,1.91,2.12,0.79,0.79,,143,2.4,1778,3.8,565300393,9.4,204654295,8.1,1949094,6.8,134,5.4,6947,5.4,"Seattle-Tacoma-Bellevue, WA"
C1446,5,5182,46,0,2019,A,N,"Boston-Cambridge-Newton, MA-NH MSA",Private,"NAICS 5182 Data processing, hosting and related services","MSA, NAICS 4-digit -- by ownership sector",All establishment sizes,480,0,0,0,0,0,0,N,1.09,0.0,0.0,0.0,0.0,0.0,0.0,N,76,18.8,0,0.0,0,0.0,0,0.0,0,0.0,0,0.0,0,0.0,"Boston-Cambridge-Newton, MA-NH"
C1446,5,5415,46,0,2019,A,,"Boston-Cambridge-Newton, MA-NH MSA",Private,NAICS 5415 Computer systems design and related services,"MSA, NAICS 4-digit -- by ownership sector",All establishment sizes,5250,78295,12745735704,1503618614,62699672,3131,162791,,1.1,1.94,1.86,1.79,2.07,0.96,0.96,,100,1.9,1586,2.1,1038725611,8.9,60909814,4.2,7313262,13.2,196,6.7,10174,6.7,"Boston-Cambridge-Newton, MA-NH"
C1242,5,5182,46,0,2019,A,N,"Austin-Round Rock, TX MSA",Private,"NAICS 5182 Data processing, hosting and related services","MSA, NAICS 4-digit -- by ownership sector",All establishment sizes,236,0,0,0,0,0,0,N,1.46,0.0,0.0,0.0,0.0,0.0,0.0,N,37,18.6,0,0.0,0,0.0,0,0.0,0,0.0,0,0.0,0,0.0,"Austin-Round Rock, TX"
C1242,5,5415,46,0,2019,A,,"Austin-Round Rock, TX MSA",Private,NAICS 5415 Computer systems design and related services,"MSA, NAICS 4-digit -- by ownership sector",All establishment sizes,3642,40255,5414197266,484043893,12565820,2587,134499,,2.08,2.56,2.52,2.36,3.05,0.99,0.99,,282,8.4,1062,2.7,168708848,3.2,18285986,3.9,578960,4.8,13,0.5,663,0.5,"Austin-Round Rock, TX"
C4186,5,5182,46,0,2020,A,,"San Francisco-Oakland-Hayward, CA MSA",Private,"NAICS 5182 Data processing, hosting and related services","MSA, NAICS 4-digit -- by ownership sector",All establishment sizes,683,26259,6736716397,235905450,8792512,4934,256549,,1.17,4.5,4.53,3.61,3.13,1.01,1.01,,-17,-2.4,2105,8.7,838790981,14.2,12973661,5.8,22781,0.3,238,5.1,12365,5.1,"San Francisco-Oakland-Fremont, CA"
C4186,5,5415,46,0,2020,A,,"San Francisco-Oakland-Hayward, CA MSA",Private,NAICS 5415 Computer systems design and related services,"MSA, NAICS 4-digit -- by ownership sector",All establishment sizes,6336,104186,23955104776,990000621,40909478,4422,229925,,1.09,2.93,2.78,2.54,2.23,0.95,0.95,,246,4.0,139,0.1,2317711675,10.7,-52014689,-5.0,-3301696,-7.5,423,10.6,21966,10.6,"San Francisco-Oakland-Fremont, CA"
C4266,5,5182,46,0,2020,A,,"Seattle-Tacoma-Bellevue, WA MSA",Private,"NAICS 5182 Data processing, hosting and related services","MSA, NAICS 4-digit -- by ownership sector",All establishment sizes,601,11743,2399800786,695877569,6516547,3930,204364,,1.45,2.34,2.4,2.78,2.95,1.02,1.02,,26,4.5,-75,-0.6,229210336,10.6,32129511,4.8,268483,4.3,398,11.3,20689,11.3,"Seattle-Tacoma-Bellevue, WA"
C4266,5,5415,46,0,2020,A,,"Seattle-Tacoma-Bellevue, WA MSA",Private,NAICS 5415 Computer systems design and related services,"MSA, NAICS 4-digit -- by ownership sector",All establishment sizes,6482,49799,7233669146,2921757596,31343129,2793,145258,,1.57,1.63,1.25,1.96,2.17,0.77,0.77,,462,7.7,1249,2.6,670370666,10.2,185523669,6.8,754865,2.5,193,7.4,10071,7.4,"Seattle-Tacoma-Bellevue, WA"
C1446,5,5182,46,0,2020,A,N,"Boston-Cambridge-Newton, MA-NH MSA",Private,"NAICS 5182 Data processing, hosting and related services","MSA, NAICS 4-digit -- by ownership sector",All establishment sizes,521,0,0,0,0,0,0,N,1.05,0.0,0.0,0.0,0.0,0.0,0.0,N,41,8.5,0,0.0,0,0.0,0,0.0,0,0.0,0,0.0,0,0.0,"Boston-Cambridge-Newton, MA-NH"
C1446,5,5415,46,0,2020,A,,"Boston-Cambridge-Newton, MA-NH MSA",Private,NAICS 5415 Computer systems design and related services,"MSA, NAICS 4-digit -- by ownership sector",All establishment sizes,5350,78001,13342878781,1438594442,54277758,3290,171060,,1.08,1.98,1.81,1.72,1.9,0.92,0.92,,100,1.9,-294,-0.4,597143077,4.7,-65024172,-4.3,-8421914,-13.4,159,5.1,8269,5.1,"Boston-Cambridge-Newton, MA-NH"
C1242,5,5182,46,0,2020,A,,"Austin-Round Rock, TX MSA",Private,"NAICS 5182 Data processing, hosting and related services","MSA, NAICS 4-digit -- by ownership sector",All establishment sizes,312,8191,1329940136,96792473,2133049,3123,162371,,1.65,3.06,3.19,2.79,3.53,1.05,1.05,N,76,32.2,0,0.0,0,0.0,0,0.0,0,0.0,0,0.0,0,0.0,"Austin-Round Rock, TX"
C1242,5,5415,46,0,2020,A,,"Austin-Round Rock, TX MSA",Private,NAICS 5415 Computer systems design and related services,"MSA, NAICS 4-digit -- by ownership sector",All establishment sizes,3955,40950,5819325657,483051776,10946935,2733,142108,,2.1,2.51,2.42,2.33,2.77,0.96,0.96,,313,8.6,695,1.7,405128391,7.5,-992117,-0.2,-1618885,-12.9,146,5.6,7609,5.7,"Austin-Round Rock, TX"
C4186,5,5182,46,0,2021,A,N,"San Francisco-Oakland-Hayward, CA MSA",Private,"NAICS 5182 Data processing, hosting and related services","MSA, NAICS 4-digit -- by ownership sector",All establishment sizes,746,0,0,0,0,0,0,N,1.07,0.0,0.0,0.0,0.0,0.0,0.0,N,63,9.2,0,0.0,0,0.0,0,0.0,0,0.0,0,0.0,0,0.0,"San Francisco-Oakland-Fremont, CA"
C4186,5,5415,46,0,2021,A,,"San Francisco-Oakland-Hayward, CA MSA",Private,NAICS 5415 Computer systems design and related services,"MSA, NAICS 4-digit -- by ownership sector",All establishment sizes,6370,104500,28977565477,1039131118,39235513,5333,277298,,1.02,2.83,2.76,2.47,2.31,0.97,0.97,,34,0.5,314,0.3,5022460701,21.0,49130497,5.0,-1673965,-4.1,911,20.6,47373,20.6,"San Francisco-Oakland-Fremont, CA"
C4266,5,5182,46,0,2021,A,,"Seattle-Tacoma-Bellevue, WA MSA",Private,"NAICS 5182 Data processing, hosting and related services","MSA, NAICS 4-digit -- by ownership sector",All establishment sizes,637,12530,2771209472,812030562,9204995,4253,221169,,1.28,2.35,2.26,2.75,2.88,0.96,0.96,,36,6.0,787,6.7,371408686,15.5,116152993,16.7,2688448,41.3,323,8.2,16805,8.2,"Seattle-Tacoma-Bellevue, WA"
C4266,5,5415,46,0,2021,A,,"Seattle-Tacoma-Bellevue, WA MSA",Private,NAICS 5415 Computer systems design and related services,"MSA, NAICS 4-digit -- by ownership sector",All establishment sizes,7582,55147,10063663905,3660059368,42741116,3509,182488,,1.69,1.75,1.49,2.12,2.15,0.85,0.85,,1100,17.0,5348,10.7,2829994759,39.1,738301772,25.3,11397987,36.4,716,25.6,37230,25.6,"Seattle-Tacoma-Bellevue, WA"
C1446,5,5182,46,0,2021,A,N,"Boston-Cambridge-Newton, MA-NH MSA",Private,"NAICS 5182 Data processing, hosting and related services","MSA, NAICS 4-digit -- by ownership sector",All establishment sizes,631,0,0,0,0,0,0,N,1.03,0.0,0.0,0.0,0.0,0.0,0.0,N,110,21.1,0,0.0,0,0.0,0,0.0,0,0.0,0,0.0,0,0.0,"Boston-Cambridge-Newton, MA-NH"
C1446,5,5415,46,0,2021,A,,"Boston-Cambridge-Newton, MA-NH MSA",Private,NAICS 5415 Computer systems design and related services,"MSA, NAICS 4-digit -- by ownership sector",All establishment sizes,5848,76230,14737615083,1462813064,53093029,3718,193330,,1.06,1.85,1.75,1.64,1.86,0.95,0.95,,498,9.3,-1771,-2.3,1394736302,10.5,24218622,1.7,-1184729,-2.2,428,13.0,22270,13.0,"Boston-Cambridge-Newton, MA-NH"
C1242,5,5182,46,0,2021,A,N,"Austin-Round Rock, TX MSA",Private,"NAICS 5182 Data processing, hosting and related services","MSA, NAICS 4-digit -- by ownership sector",All establishment sizes,449,0,0,0,0,0,0,N,1.84,0.0,0.0,0.0,0.0,0.0,0.0,N,137,43.9,0,0.0,0,0.0,0,0.0,0,0.0,0,0.0,0,0.0,"Austin-Round Rock, TX"
C1242,5,5415,46,0,2021,A,,"Austin-Round Rock, TX MSA",Private,NAICS 5415 Computer systems design and related services,"MSA, NAICS 4-digit -- by ownership sector",All establishment sizes,4557,48236,7786835145,614408633,15264664,3104,161431,,2.08,2.72,2.63,2.5,2.82,0.97,0.97,,602,15.2,7286,17.8,1967509488,33.8,131356857,27.2,4317729,39.4,371,13.6,19323,13.6,"Austin-Round Rock, TX"
C4186,5,5182,46,0,2022,A,,"San Francisco-Oakland-Hayward, CA MSA",Private,"NAICS 5182 Computing infrastructure providers, data processing, web hosting, and related services","MSA, NAICS 4-digit -- by ownership sector",All establishment sizes,887,34080,9262788616,314126543,9071356,5227,271799,,1.04,4.52,4.42,3.51,3.17,0.98,0.98,N,141,18.9,0,0.0,0,0.0,0,0.0,0,0.0,0,0.0,0,0.0,"San Francisco-Oakland-Fremont, CA"
C4186,5,5415,46,0,2022,A,,"San Francisco-Oakland-Hayward, CA MSA",Private,NAICS 5415 Computer systems design and related services,"MSA, NAICS 4-digit -- by ownership sector",All establishment sizes,6377,109235,25431110651,962147914,31358675,4477,232811,,0.92,2.74,2.57,2.15,2.17,0.94,0.94,,7,0.1,4735,4.5,-3546454826,-12.2,-76983204,-7.4,-7876838,-20.1,-856,-16.1,-44487,-16.0,"San Francisco-Oakland-Fremont, CA"
C4266,5,5182,46,0,2022,A,,"Seattle-Tacoma-Bellevue, WA MSA",Private,"NAICS 5182 Computing infrastructure providers, data processing, web hosting, and related services","MSA, NAICS 4-digit -- by ownership sector",All establishment sizes,717,23278,4998643708,1682292696,12011975,4129,214733,,1.29,3.62,3.41,4.09,2.36,0.94,0.94,,80,12.6,10748,85.8,2227434236,80.4,870262134,107.2,2806980,30.5,-124,-2.9,-6436,-2.9,"Seattle-Tacoma-Bellevue, WA"
C4266,5,5415,46,0,2022,A,,"Seattle-Tacoma-Bellevue, WA MSA",Private,NAICS 5415 Computer systems design and related services,"MSA, NAICS 4-digit -- by ownership sector",All establishment sizes,8519,62241,11434667998,4522331643,52301492,3533,183716,,1.88,1.83,1.65,2.21,2.03,0.9,0.9,,937,12.4,7094,12.9,1371004093,13.6,862272275,23.6,9560376,22.4,24,0.7,1228,0.7,"Seattle-Tacoma-Bellevue, WA"
C1446,5,5182,46,0,2022,A,N,"Boston-Cambridge-Newton, MA-NH MSA",Private,"NAICS 5182 Computing infrastructure providers, data processing, web hosting, and related services","MSA, NAICS 4-digit -- by ownership sector",All establishment sizes,781,0,0,0,0,0,0,N,1.03,0.0,0.0,0.0,0.0,0.0,0.0,N,150,23.8,0,0.0,0,0.0,0,0.0,0,0.0,0,0.0,0,0.0,"Boston-Cambridge-Newton, MA-NH"
C1446,5,5415,46,0,2022,A,,"Boston-Cambridge-Newton, MA-NH MSA",Private,NAICS 5415 Computer systems design and related services,"MSA, NAICS 4-digit -- by ownership sector",All establishment sizes,6377,75476,14325315035,1449317057,43400385,3650,189800,,1.04,1.71,1.64,1.51,1.85,0.96,0.96,,529,9.0,-754,-1.0,-412300048,-2.8,-13496007,-0.9,-9692644,-18.3,-68,-1.8,-3530,-1.8,"Boston-Cambridge-Newton, MA-NH"
C1242,5,5182,46,0,2022,A,N,"Austin-Round Rock, TX MSA",Private,"NAICS 5182 Computing infrastructure providers, data processing, web hosting, and related services","MSA, NAICS 4-digit -- by ownership sector",All establishment sizes,546,0,0,0,0,0,0,N,1.78,0.0,0.0,0.0,0.0,0.0,0.0,N,97,21.6,0,0.0,0,0.0,0,0.0,0,0.0,0,0.0,0,0.0,"Austin-Round Rock, TX"
C1242,5,5415,46,0,2022,A,,"Austin-Round Rock, TX MSA",Private,NAICS 5415 Computer systems design and related services,"MSA, NAICS 4-digit -- by ownership sector",All establishment sizes,5112,57967,9230200739,738156806,17166842,3062,159231,,2.05,2.93,2.8,2.6,3.0,0.96,0.96,,555,12.2,9731,20.2,1443365594,18.5,123748173,20.1,1902178,12.5,-42,-1.4,-2200,-1.4,"Austin-Round Rock, TX"
C4186,5,5182,46,0,2023,A,,"San Francisco-Oakland-Fremont, CA MSA",Private,"NAICS 5182 Computing infrastructure providers, data processing, web hosting, and related services","MSA, NAICS 4-digit -- by ownership sector",All establishment sizes,979,32961,10184869742,287983177,8186045,5942,308995,,1.03,4.29,4.37,3.34,3.39,1.02,1.02,,92,10.4,-1119,-3.3,922081126,10.0,-26143366,-8.3,-885311,-9.8,715,13.7,37196,13.7,"San Francisco-Oakland-Fremont, CA"
C4186,5,5415,46,0,2023,A,,"San Francisco-Oakland-Fremont, CA MSA",Private,NAICS 5415 Computer systems design and related services,"MSA, NAICS 4-digit -- by ownership sector",All establishment sizes,6510,105131,26906537403,973340405,29597003,4922,255934,,0.89,2.71,2.62,2.32,2.42,0.97,0.97,,133,2.1,-4104,-3.8,1475426752,5.8,11192491,1.2,-1761672,-5.6,445,9.9,23123,9.9,"San Francisco-Oakland-Fremont, CA"
C4266,5,5182,46,0,2023,A,,"Seattle-Tacoma-Bellevue, WA MSA",Private,"NAICS 5182 Computing infrastructure providers, data processing, web hosting, and related services","MSA, NAICS 4-digit -- by ownership sector",All establishment sizes,662,21388,5022561390,1608936475,12239436,4516,234833,,1.23,3.24,3.03,3.79,2.45,0.94,0.94,,-55,-7.7,-1890,-8.1,23917682,0.5,-73356221,-4.4,227461,1.9,387,9.4,20100,9.4,"Seattle-Tacoma-Bellevue, WA"
C4266,5,5415,46,0,2023,A,,"Seattle-Tacoma-Bellevue, WA MSA",Private,NAICS 5415 Computer systems design and related services,"MSA, NAICS 4-digit -- by ownership sector",All establishment sizes,7877,58631,12813858329,4519732427,47905010,4203,218550,,1.9,1.76,1.75,2.19,1.89,1.0,1.0,,-642,-7.5,-3610,-5.8,1379190331,12.1,-2599216,-0.1,-4396482,-8.4,670,19.0,34834,19.0,"Seattle-Tacoma-Bellevue, WA"
C1446,5,5182,46,0,2023,A,N,"Boston-Cambridge-Newton, MA-NH MSA",Private,"NAICS 5182 Computing infrastructure providers, data processing, web hosting, and related services","MSA, NAICS 4-digit -- by ownership sector",All establishment sizes,825,0,0,0,0,0,0,N,1.0,0.0,0.0,0.0,0.0,0.0,0.0,N,44,5.6,0,0.0,0,0.0,0,0.0,0,0.0,0,0.0,0,0.0,"Boston-Cambridge-Newton, MA-NH"
C1446,5,5415,46,0,2023,A,,"Boston-Cambridge-Newton, MA-NH MSA",Private,NAICS 5415 Computer systems design and related services,"MSA, NAICS 4-digit -- by ownership sector",All establishment sizes,6371,68954,13817012239,1267688825,21642492,3853,200381,,1.0,1.59,1.56,1.38,1.71,0.98,0.98,,-6,-0.1,-6522,-8.6,-508302796,-3.5,-181628232,-12.5,-21757893,-50.1,203,5.6,10581,5.6,"Boston-Cambridge-Newton, MA-NH"
C1242,5,5182,46,0,2023,A,,"Austin-Round Rock-San Marcos, TX MSA",Private,"NAICS 5182 Computing infrastructure providers, data processing, web hosting, and related services","MSA, NAICS 4-digit -- by ownership sector",All establishment sizes,580,11277,2379738819,127181707,1974810,4058,211032,,1.71,2.84,3.01,2.27,2.44,1.06,1.06,N,34,6.2,0,0.0,0,0.0,0,0.0,0,0.0,0,0.0,0,0.0,"Austin-Round Rock, TX"
C1242,5,5415,46,0,2023,A,,"Austin-Round Rock-San Marcos, TX MSA",Private,NAICS 5415 Computer systems design and related services,"MSA, NAICS 4-digit -- by ownership sector",All establishment sizes,5224,57235,9826320586,674234732,11811192,3302,171685,,2.0,2.85,2.82,2.48,2.88,0.99,0.99,,112,2.2,-732,-1.3,596119847,6.5,-63922074,-8.7,-5355650,-31.2,240,7.8,12454,7.8,"Austin-Round Rock, TX"
C4186,5,5182,46,0,2024,A,,"San Francisco-Oakland-Fremont, CA MSA",Private,"NAICS 5182 Computing infrastructure providers, data processing, web hosting, and related services","MSA, NAICS 4-digit -- by ownership sector",All establishment sizes,1048,30707,10632593116,275871649,9638919,6659,346265,,1.02,4.1,4.06,3.25,3.39,0.99,0.99,,69,7.0,-2254,-6.8,447723374,4.4,-12111528,-4.2,1452874,17.7,717,12.1,37270,12.1,"San Francisco-Oakland-Fremont, CA"
C4186,5,5415,46,0,2024,A,,"San Francisco-Oakland-Fremont, CA MSA",Private,NAICS 5415 Computer systems design and related services,"MSA, NAICS 4-digit -- by ownership sector",All establishment sizes,6921,101886,30099766895,959207236,34094304,5681,295427,,0.89,2.7,2.76,2.39,2.54,1.02,1.02,,411,6.3,-3245,-3.1,3193229492,11.9,-14133169,-1.5,4497301,15.2,759,15.4,39493,15.4,"San Francisco-Oakland-Fremont, CA"
C4266,5,5182,46,0,2024,A,,"Seattle-Tacoma-Bellevue, WA MSA",Private,"NAICS 5182 Computing infrastructure providers, data processing, web hosting, and related services","MSA, NAICS 4-digit -- by ownership sector",All establishment sizes,682,21116,6159317332,1648802667,14294752,5610,291696,,1.2,3.25,3.2,3.78,2.52,0.99,0.99,,20,3.0,-272,-1.3,1136755942,22.6,39866192,2.5,2055316,16.8,1094,24.2,56863,24.2,"Seattle-Tacoma-Bellevue, WA"
C4266,5,5415,46,0,2024,A,,"Seattle-Tacoma-Bellevue, WA MSA",Private,NAICS 5415 Computer systems design and related services,"MSA, NAICS 4-digit -- by ownership sector",All establishment sizes,8040,55999,12498221302,4302911561,50940800,4292,223186,,1.87,1.71,1.56,2.09,1.9,0.91,0.91,,163,2.1,-2632,-4.5,-315637027,-2.5,-216820866,-4.8,3035790,6.3,89,2.1,4636,2.1,"Seattle-Tacoma-Bellevue, WA"
C1446,5,5182,46,0,2024,A,N,"Boston-Cambridge-Newton, MA-NH MSA",Private,"NAICS 5182 Computing infrastructure providers, data processing, web hosting, and related services","MSA, NAICS 4-digit -- by ownership sector",All establishment sizes,773,0,0,0,0,0,0,N,0.94,0.0,0.0,0.0,0.0,0.0,0.0,N,-52,-6.3,0,0.0,0,0.0,0,0.0,0,0.0,0,0.0,0,0.0,"Boston-Cambridge-Newton, MA-NH"
C1446,5,5415,46,0,2024,A,,"Boston-Cambridge-Newton, MA-NH MSA",Private,NAICS 5415 Computer systems design and related services,"MSA, NAICS 4-digit -- by ownership sector",All establishment sizes,5940,63691,13440852542,1155848419,33228229,4058,211033,,0.96,1.5,1.43,1.27,1.72,0.95,0.95,,-431,-6.8,-5263,-7.6,-376159697,-2.7,-111840406,-8.8,11585737,53.5,205,5.3,10652,5.3,"Boston-Cambridge-Newton, MA-NH"
C1242,5,5182,46,0,2024,A,,"Austin-Round Rock-San Marcos, TX MSA",Private,"NAICS 5182 Computing infrastructure providers, data processing, web hosting, and related services","MSA, NAICS 4-digit -- by ownership sector",All establishment sizes,573,10903,2491719802,125814186,2935162,4395,228537,,1.63,2.76,2.73,2.25,3.41,0.99,0.99,,-7,-1.2,-374,-3.3,111980983,4.7,-1367521,-1.1,960352,48.6,337,8.3,17505,8.3,"Austin-Round Rock, TX"
C1242,5,5415,46,0,2024,A,,"Austin-Round Rock-San Marcos, TX MSA",Private,NAICS 5415 Computer systems design and related services,"MSA, NAICS 4-digit -- by ownership sector",All establishment sizes,5129,57770,12931543859,667162640,14390314,4305,223845,,1.93,2.91,3.4,2.52,3.54,1.17,1.17,,-95,-1.8,535,0.9,3105223273,31.6,-7072092,-1.0,2579122,21.8,1003,30.4,52160,30.4,"Austin-Round Rock, TX"
